GEN,BL,Todesfälle,Meldedatum,Bevoelkerung,Faelle_gesamt,Faelle_7-Tage,Inzidenz_7-Tage,Infektionsrate,Letalitätsrate
Flensburg,Schleswig-Holstein,96,2023-02-20,91113,40801,63,69.1,0.4478065698637955,0.0023528835077571628
Kiel,Schleswig-Holstein,322,2023-02-20,246243,102409,186,75.5,0.415885933813347,0.0031442548994717262
Lübeck,Schleswig-Holstein,166,2023-02-20,216277,91534,77,35.6,0.42322577065522454,0.0018135337688727686
Neumünster,Schleswig-Holstein,129,2023-02-20,79496,31445,51,64.2,0.39555449330783937,0.0041024010176498645
Dithmarschen,Schleswig-Holstein,126,2023-02-20,133969,53768,67,50.0,0.40134658017899666,0.0023434012795714924
Herzogtum Lauenburg,Schleswig-Holstein,214,2023-02-20,200819,76299,79,39.3,0.37993914918409116,0.002804754977129451
Nordfriesland,Schleswig-Holstein,213,2023-02-20,167560,72415,140,83.6,0.43217354977321554,0.0029413795484360974
Ostholstein,Schleswig-Holstein,138,2023-02-20,202014,73304,61,30.2,0.3628659399843575,0.0018825712103023027
Pinneberg,Schleswig-Holstein,678,2023-02-20,318326,125499,159,49.9,0.3942467784598179,0.005402433485525781
Plön,Schleswig-Holstein,79,2023-02-20,129687,47069,84,64.8,0.36294308604563297,0.001678387048800697
Rendsburg-Eckernförde,Schleswig-Holstein,148,2023-02-20,276053,112008,249,90.2,0.4057481715467682,0.0013213341904149704
Schleswig-Flensburg,Schleswig-Holstein,186,2023-02-20,203799,79484,155,76.1,0.39001172724105615,0.00234009360374415
Segeberg,Schleswig-Holstein,416,2023-02-20,280400,123556,181,64.6,0.440641940085592,0.003366894363689339
Steinburg,Schleswig-Holstein,77,2023-02-20,130843,52428,121,92.5,0.40069396146526753,0.0014686808575570306
Stormarn,Schleswig-Holstein,468,2023-02-20,245406,89171,70,28.5,0.3633611240148978,0.005248343071177849
Hamburg,Hamburg,3592,2023-02-20,1853935,804589,858,46.3,0.43398986480108526,0.004464391136344146
Braunschweig,Niedersachsen,476,2023-02-20,248823,109985,281,112.9,0.44202103503293505,0.004327862890394145
Salzgitter,Niedersachsen,211,2023-02-20,103694,51571,152,146.6,0.49733832237159337,0.004091446743324737
Wolfsburg,Niedersachsen,245,2023-02-20,123949,59030,97,78.3,0.4762442617528177,0.004150431983737083
Gifhorn,Niedersachsen,517,2023-02-20,177919,82634,209,117.5,0.4644473046723509,0.006256504586489822
Goslar,Niedersachsen,317,2023-02-20,134050,57091,131,97.7,0.425893323386796,0.005552538929078138
Helmstedt,Niedersachsen,178,2023-02-20,91379,40800,80,87.5,0.4464920824259403,0.004362745098039216
Northeim,Niedersachsen,267,2023-02-20,131765,62965,192,145.7,0.4778583083519903,0.004240451044230922
Peine,Niedersachsen,203,2023-02-20,136960,69883,123,89.8,0.51024386682243,0.0029048552580742096
Wolfenbüttel,Niedersachsen,211,2023-02-20,119224,55583,144,120.8,0.4662064684962759,0.0037961247143910907
Göttingen,Niedersachsen,517,2023-02-20,323661,154114,430,132.9,0.4761586969081848,0.0033546595377447865
Region Hannover,Niedersachsen,2257,2023-02-20,1157541,530454,1454,125.6,0.45825936187141536,0.004254845849027437
Diepholz,Niedersachsen,193,2023-02-20,218839,104291,182,83.2,0.4765649632835098,0.001850591134421954
Hameln-Pyrmont,Niedersachsen,210,2023-02-20,148963,69112,198,132.9,0.4639541362620248,0.003038546128024077
Hildesheim,Niedersachsen,724,2023-02-20,274773,130496,377,137.2,0.4749229363874908,0.005548062775870524
Holzminden,Niedersachsen,199,2023-02-20,69862,31453,86,123.1,0.4502161403910567,0.006326900454646615
Nienburg (Weser),Niedersachsen,264,2023-02-20,121773,57486,189,155.2,0.4720750905373112,0.004592422502870264
Schaumburg,Niedersachsen,294,2023-02-20,158108,79281,224,141.7,0.5014357274774205,0.00370832860332236
Celle,Niedersachsen,239,2023-02-20,179915,81535,183,101.7,0.45318622682933607,0.002931256515606795
Cuxhaven,Niedersachsen,317,2023-02-20,199603,90189,205,102.7,0.4518419061837748,0.0035148410560046127
Harburg,Niedersachsen,301,2023-02-20,257548,119163,189,73.4,0.46268268439281224,0.0025259518474694325
Lüchow-Dannenberg,Niedersachsen,66,2023-02-20,48472,21457,44,90.8,0.4426679320019805,0.0030759192804213076
Lüneburg,Niedersachsen,238,2023-02-20,185129,85170,133,71.8,0.4600575814702181,0.0027944111776447107
Osterholz,Niedersachsen,116,2023-02-20,115054,52584,82,71.3,0.4570375649694926,0.0022059942187737714
Rotenburg (Wümme),Niedersachsen,291,2023-02-20,165001,75610,88,53.3,0.45823964703244224,0.003848697262266896
Heidekreis,Niedersachsen,260,2023-02-20,142912,61867,156,109.2,0.4329027653381102,0.004202563563773902
Stade,Niedersachsen,340,2023-02-20,206496,99171,150,72.6,0.4802562761506276,0.0034284216151899247
Uelzen,Niedersachsen,288,2023-02-20,92894,44110,93,100.1,0.4748422933666329,0.0065291317161641355
Verden,Niedersachsen,213,2023-02-20,138507,64460,113,81.6,0.46539164085569684,0.003304374806081291
Delmenhorst,Niedersachsen,132,2023-02-20,77522,37046,110,141.9,0.47787724774902607,0.0035631377206715976
Emden,Niedersachsen,45,2023-02-20,49523,22295,25,50.5,0.45019485895442524,0.002018389773491814
Oldenburg (Oldb),Niedersachsen,72,2023-02-20,170389,78796,152,89.2,0.46244769321963275,0.0009137519671049292
Osnabrück,Niedersachsen,202,2023-02-20,165034,80842,204,123.6,0.489850576244895,0.0024987011701838153
Wilhelmshaven,Niedersachsen,232,2023-02-20,75027,33342,68,90.6,0.44440001599424206,0.006958190870373703
Ammerland,Niedersachsen,107,2023-02-20,126475,58229,119,94.1,0.4603992883969164,0.001837572343677549
Aurich,Niedersachsen,219,2023-02-20,190425,89060,124,65.1,0.467690691873441,0.002459016393442623
Cloppenburg,Niedersachsen,331,2023-02-20,173980,99200,192,110.4,0.5701804805150017,0.003336693548387097
Emsland,Niedersachsen,465,2023-02-20,331397,193385,556,167.8,0.5835448118118148,0.0024045298239263645
Friesland,Niedersachsen,85,2023-02-20,98971,42281,64,64.7,0.42720594921744753,0.0020103592630259454
Grafschaft Bentheim,Niedersachsen,225,2023-02-20,138722,75763,125,90.1,0.5461498536641629,0.002969787363224793
Leer,Niedersachsen,211,2023-02-20,172421,71989,102,59.2,0.41751874771634545,0.0029310033477336814
Oldenburg,Niedersachsen,190,2023-02-20,132091,67946,173,131.0,0.5143878084048118,0.0027963382686250846
Osnabrück,Niedersachsen,549,2023-02-20,361550,189544,434,120.0,0.5242539067902088,0.0028964251044612333
Vechta,Niedersachsen,135,2023-02-20,144805,90085,175,120.9,0.6221124961154656,0.0014985846700338568
Wesermarsch,Niedersachsen,194,2023-02-20,88430,39329,49,55.4,0.444747257717969,0.004932746828040378
Wittmund,Niedersachsen,92,2023-02-20,57455,28532,52,90.5,0.49659733704638415,0.003224449740642086
Bremen,Bremen,716,2023-02-20,563290,248384,591,104.9,0.4409522626000817,0.002882633341922185
Bremerhaven,Bremen,245,2023-02-20,113173,53610,55,48.6,0.47369955731490726,0.004570042902443574
Düsseldorf,Nordrhein-Westfalen,1047,2023-02-20,619477,274551,728,117.5,0.44319805255078076,0.003813499131308937
Duisburg,Nordrhein-Westfalen,1066,2023-02-20,495152,160641,478,96.5,0.32442765049924066,0.006635914866067816
Essen,Nordrhein-Westfalen,894,2023-02-20,579432,227330,656,113.2,0.3923324911292438,0.003932608982536401
Krefeld,Nordrhein-Westfalen,312,2023-02-20,227050,93637,217,95.6,0.41240695881964323,0.0033320161901812316
Mönchengladbach,Nordrhein-Westfalen,396,2023-02-20,261001,116064,301,115.3,0.44468795138715944,0.003411910669975186
Mülheim an der Ruhr,Nordrhein-Westfalen,452,2023-02-20,170739,66784,265,155.2,0.3911467210186308,0.006768088164829899
Oberhausen,Nordrhein-Westfalen,542,2023-02-20,208752,75221,216,103.5,0.36033666743312637,0.007205434652557132
Remscheid,Nordrhein-Westfalen,310,2023-02-20,111770,52613,201,179.8,0.4707255972085533,0.0058920799042061845
Solingen,Nordrhein-Westfalen,388,2023-02-20,158957,83107,324,203.8,0.5228269280371421,0.004668680135247332
Wuppertal,Nordrhein-Westfalen,738,2023-02-20,354572,169465,486,137.1,0.47794242072132037,0.004354881538960847
Kleve,Nordrhein-Westfalen,473,2023-02-20,314676,122984,359,114.1,0.39082739071298733,0.003846028751707539
Mettmann,Nordrhein-Westfalen,1307,2023-02-20,484411,229815,663,136.9,0.47442151396231713,0.005687183169070774
Rhein-Kreis Neuss,Nordrhein-Westfalen,778,2023-02-20,452496,191700,552,122.0,0.4236501538135144,0.004058424621804903
Viersen,Nordrhein-Westfalen,435,2023-02-20,298761,131291,456,152.6,0.4394516017820264,0.003313250717870989
Wesel,Nordrhein-Westfalen,564,2023-02-20,460433,195774,426,92.5,0.42519541388215004,0.0028808728431763157
Bonn,Nordrhein-Westfalen,533,2023-02-20,331885,139472,322,97.0,0.4202419512783042,0.003821555581048526
Köln,Nordrhein-Westfalen,1207,2023-02-20,1073096,505461,1430,133.3,0.4710305508547232,0.00238791914707564
Leverkusen,Nordrhein-Westfalen,204,2023-02-20,163851,76679,442,269.8,0.46798005505001494,0.0026604415811369475
Städteregion Aachen,Nordrhein-Westfalen,1047,2023-02-20,556673,254355,534,95.9,0.45691995121013596,0.004116294155805862
Düren,Nordrhein-Westfalen,497,2023-02-20,266771,132625,539,202.0,0.49714924035970925,0.0037474081055607917
Rhein-Erft-Kreis,Nordrhein-Westfalen,696,2023-02-20,471891,228795,850,180.1,0.4848471363090205,0.0030420245197666034
Euskirchen,Nordrhein-Westfalen,420,2023-02-20,194701,97302,461,236.8,0.49975090009809914,0.0043164580378615034
Heinsberg,Nordrhein-Westfalen,629,2023-02-20,258306,100349,465,180.0,0.38848884656182975,0.006268124246380133
Oberbergischer Kreis,Nordrhein-Westfalen,547,2023-02-20,271621,130691,270,99.4,0.48115204641761866,0.004185445057425531
Rheinisch-Bergischer Kreis,Nordrhein-Westfalen,281,2023-02-20,283429,125222,315,111.1,0.4418108238747623,0.0022440146300170896
Rhein-Sieg-Kreis,Nordrhein-Westfalen,905,2023-02-20,600732,259074,751,125.0,0.4312638580931264,0.0034932104340844703
Bottrop,Nordrhein-Westfalen,224,2023-02-20,117311,49214,164,139.8,0.4195173513140285,0.00455155037184541
Gelsenkirchen,Nordrhein-Westfalen,705,2023-02-20,260126,104425,307,118.0,0.40144007135003806,0.006751256882930333
Münster,Nordrhein-Westfalen,261,2023-02-20,317713,146081,394,124.0,0.459789180801541,0.0017866799926068413
Borken,Nordrhein-Westfalen,547,2023-02-20,373582,192362,392,104.9,0.5149123887125183,0.002843596968216176
Coesfeld,Nordrhein-Westfalen,160,2023-02-20,221352,109695,193,87.2,0.4955681448552532,0.001458589726058617
Recklinghausen,Nordrhein-Westfalen,1725,2023-02-20,612801,244107,761,124.2,0.398346282071994,0.007066573265002643
Steinfurt,Nordrhein-Westfalen,529,2023-02-20,450176,213174,646,143.5,0.47353479528006825,0.00248154090086033
Warendorf,Nordrhein-Westfalen,397,2023-02-20,278176,135493,376,135.2,0.48707652709076266,0.0029300406663074845
Bielefeld,Nordrhein-Westfalen,724,2023-02-20,334002,162076,381,114.1,0.4852545793138963,0.004467040154001826
Gütersloh,Nordrhein-Westfalen,551,2023-02-20,366104,182029,274,74.8,0.49720571203810937,0.0030269902048574676
Herford,Nordrhein-Westfalen,455,2023-02-20,250635,134569,390,155.6,0.5369122429030263,0.003381165052872504
Höxter,Nordrhein-Westfalen,237,2023-02-20,139994,55703,146,104.3,0.39789562409817564,0.00425470800495485
Lippe,Nordrhein-Westfalen,770,2023-02-20,346151,152163,337,97.4,0.43958561437060706,0.005060362900310851
Minden-Lübbecke,Nordrhein-Westfalen,502,2023-02-20,311214,174753,615,197.6,0.5615203686209489,0.0028726259348909604
Paderborn,Nordrhein-Westfalen,254,2023-02-20,309380,121703,359,116.0,0.3933770767341134,0.0020870479774533083
Bochum,Nordrhein-Westfalen,566,2023-02-20,363441,144295,731,201.1,0.3970245514402613,0.003922519837832219
Dortmund,Nordrhein-Westfalen,693,2023-02-20,586852,258516,720,122.7,0.44051311063095977,0.0026806851413452167
Hagen,Nordrhein-Westfalen,639,2023-02-20,188713,84521,262,138.8,0.447881174057961,0.0075602512984938655
Hamm,Nordrhein-Westfalen,300,2023-02-20,179238,85953,188,104.9,0.47954674789944096,0.0034902795713936687
Herne,Nordrhein-Westfalen,477,2023-02-20,156621,70510,235,150.0,0.45019505685699873,0.006764997872642178
Ennepe-Ruhr-Kreis,Nordrhein-Westfalen,748,2023-02-20,322143,131733,284,88.2,0.40892709138488187,0.005678152019615434
Hochsauerlandkreis,Nordrhein-Westfalen,295,2023-02-20,258615,113842,269,104.0,0.44019875103918954,0.002591310764041391
Märkischer Kreis,Nordrhein-Westfalen,817,2023-02-20,406793,200495,490,120.5,0.49286737972383987,0.004074914586398663
Olpe,Nordrhein-Westfalen,231,2023-02-20,133120,47714,103,77.4,0.3584284855769231,0.004841346355367398
Siegen-Wittgenstein,Nordrhein-Westfalen,315,2023-02-20,274342,131312,332,121.0,0.47864344504304845,0.002398866821006458
Soest,Nordrhein-Westfalen,518,2023-02-20,302298,118086,208,68.8,0.39062779112002066,0.004386633470521485
Unna,Nordrhein-Westfalen,754,2023-02-20,393063,166941,436,110.9,0.42471817494905395,0.004516565732803805
Darmstadt,Hessen,273,2023-02-20,159631,70797,248,155.4,0.4435040812874692,0.0038560955972710706
Frankfurt am Main,Hessen,1580,2023-02-20,759224,332153,750,98.8,0.43749012149247124,0.004756843984549289
Offenbach am Main,Hessen,332,2023-02-20,131295,60147,147,112.0,0.45810579229978293,0.005519809799324987
Wiesbaden,Hessen,537,2023-02-20,278950,133366,379,135.9,0.4781000179243592,0.004026513504191473
Bergstraße,Hessen,522,2023-02-20,271166,130631,285,105.1,0.48173812351105966,0.0039959887009974665
Darmstadt-Dieburg,Hessen,564,2023-02-20,296900,130483,464,156.3,0.439484674974739,0.004322402152004475
Groß-Gerau,Hessen,387,2023-02-20,276307,119009,302,109.3,0.4307129388687221,0.0032518549017301213
Hochtaunuskreis,Hessen,318,2023-02-20,237041,103885,327,138.0,0.4382575166321438,0.003061077152620686
Main-Kinzig-Kreis,Hessen,1085,2023-02-20,423465,204960,701,165.5,0.4840069427225391,0.005293715846994535
Main-Taunus-Kreis,Hessen,395,2023-02-20,239276,109227,370,154.6,0.4564895768902857,0.0036163219716736704
Odenwaldkreis,Hessen,255,2023-02-20,96953,47037,163,168.1,0.48515259971326313,0.005421264111231583
Offenbach,Hessen,901,2023-02-20,357466,164654,420,117.5,0.4606144360582545,0.0054720808483243654
Rheingau-Taunus-Kreis,Hessen,273,2023-02-20,187229,89729,330,176.3,0.47924733882037507,0.003042494622697233
Wetteraukreis,Hessen,849,2023-02-20,311661,134983,345,110.7,0.43310840945771206,0.006289680922782869
Gießen,Hessen,454,2023-02-20,272874,136197,521,190.9,0.49912047318542624,0.0033334067563896416
Lahn-Dill-Kreis,Hessen,409,2023-02-20,253364,127769,207,81.7,0.5042902701251953,0.003201089466145935
Limburg-Weilburg,Hessen,385,2023-02-20,172759,87107,348,201.4,0.5042110685984522,0.004419851447070844
Marburg-Biedenkopf,Hessen,471,2023-02-20,246097,121707,372,151.2,0.49454889738599006,0.0038699499617934874
Vogelsbergkreis,Hessen,131,2023-02-20,105671,52687,223,211.0,0.49859469485478514,0.0024863818399225614
Kassel,Hessen,346,2023-02-20,200406,79115,178,88.8,0.3947736095725677,0.0043733805220249
Fulda,Hessen,422,2023-02-20,223572,133738,594,265.7,0.5981876084661765,0.003155423290313897
Hersfeld-Rotenburg,Hessen,231,2023-02-20,120163,52879,128,106.5,0.44006058437289347,0.004368463851434407
Kassel,Hessen,380,2023-02-20,237268,97747,369,155.5,0.4119687442048654,0.003887587342834051
Schwalm-Eder-Kreis,Hessen,294,2023-02-20,180052,73135,104,57.8,0.40618821229422614,0.0040199630819716965
Waldeck-Frankenberg,Hessen,218,2023-02-20,156513,66488,122,77.9,0.4248081629002064,0.003278787149560823
Werra-Meißner-Kreis,Hessen,255,2023-02-20,99714,45633,179,179.5,0.45763884710271374,0.005588061271448294
Koblenz,Rheinland-Pfalz,195,2023-02-20,113638,50524,133,117.0,0.44460479769091327,0.0038595518961285725
Ahrweiler,Rheinland-Pfalz,141,2023-02-20,128146,47323,201,156.9,0.36928971641721164,0.002979523698835661
Altenkirchen (Westerwald),Rheinland-Pfalz,180,2023-02-20,129261,51385,155,119.9,0.3975290304113383,0.0035029677921572444
Bad Kreuznach,Rheinland-Pfalz,277,2023-02-20,159402,77744,283,177.5,0.4877228642049661,0.0035629759209713932
Birkenfeld,Rheinland-Pfalz,174,2023-02-20,80849,35459,108,133.6,0.43858303751437866,0.004907075777658704
Cochem-Zell,Rheinland-Pfalz,134,2023-02-20,61735,25430,58,93.9,0.41192192435409414,0.00526936688950059
Mayen-Koblenz,Rheinland-Pfalz,256,2023-02-20,215446,94821,250,116.0,0.44011492438940614,0.0026998238786766645
Neuwied,Rheinland-Pfalz,298,2023-02-20,184390,67922,166,90.0,0.36836054015944464,0.0043873855304614115
Rhein-Hunsrück-Kreis,Rheinland-Pfalz,173,2023-02-20,103767,48201,173,166.7,0.46451183902396714,0.0035891371548308127
Rhein-Lahn-Kreis,Rheinland-Pfalz,139,2023-02-20,122724,49168,195,158.9,0.40063883185033083,0.0028270419785226164
Westerwaldkreis,Rheinland-Pfalz,297,2023-02-20,203831,89349,219,107.4,0.43834843571390025,0.003324043917671155
Trier,Rheinland-Pfalz,79,2023-02-20,110570,43951,119,107.6,0.3974947996744144,0.0017974562581056176
Bernkastel-Wittlich,Rheinland-Pfalz,157,2023-02-20,113194,42111,116,102.5,0.3720250189939396,0.003728242027023818
Eifelkreis Bitburg-Prüm,Rheinland-Pfalz,86,2023-02-20,100959,32830,53,52.5,0.32518150932556783,0.0026195552848004874
Vulkaneifel,Rheinland-Pfalz,99,2023-02-20,60882,30222,143,234.9,0.49640287769784175,0.003275759380583681
Trier-Saarburg,Rheinland-Pfalz,159,2023-02-20,151167,58633,111,73.4,0.3878690454927332,0.0027117834666484744
Frankenthal (Pfalz),Rheinland-Pfalz,96,2023-02-20,48773,19951,25,51.3,0.4090582904475837,0.004811788882762769
Kaiserslautern,Rheinland-Pfalz,282,2023-02-20,99292,45668,165,166.2,0.4599363493534222,0.006175002189717088
Landau in der Pfalz,Rheinland-Pfalz,88,2023-02-20,46919,20325,17,36.2,0.4331933758178989,0.004329643296432964
Ludwigshafen am Rhein,Rheinland-Pfalz,467,2023-02-20,172145,68037,97,56.3,0.3952307647622644,0.006863912283022473
Mainz,Rheinland-Pfalz,278,2023-02-20,217556,100310,294,135.1,0.4610766883009432,0.0027714086332369654
Neustadt an der Weinstraße,Rheinland-Pfalz,87,2023-02-20,53491,22819,86,160.8,0.42659512815239947,0.0038126122967702355
Pirmasens,Rheinland-Pfalz,119,2023-02-20,40054,15871,40,99.9,0.39624007589753835,0.007497952239934472
Speyer,Rheinland-Pfalz,133,2023-02-20,50565,23231,49,96.9,0.45942845841985563,0.005725108690973269
Worms,Rheinland-Pfalz,178,2023-02-20,83850,38316,111,132.4,0.45695885509838996,0.004645578870445767
Zweibrücken,Rheinland-Pfalz,39,2023-02-20,34091,15117,71,208.3,0.44343081751781993,0.002579876959714229
Alzey-Worms,Rheinland-Pfalz,257,2023-02-20,131330,57437,204,155.3,0.4373486636716668,0.0044744676776294024
Bad Dürkheim,Rheinland-Pfalz,266,2023-02-20,133206,52481,127,95.3,0.3939837544855337,0.005068500981307521
Donnersbergkreis,Rheinland-Pfalz,140,2023-02-20,75569,34814,87,115.1,0.46069155341476004,0.004021370712931579
Germersheim,Rheinland-Pfalz,230,2023-02-20,129313,59701,145,112.1,0.46167825353986064,0.003852531783387213
Kaiserslautern,Rheinland-Pfalz,217,2023-02-20,106853,58269,152,142.3,0.5453192703995209,0.0037241071581801642
Kusel,Rheinland-Pfalz,141,2023-02-20,69949,29565,102,145.8,0.4226650845616092,0.004769152714358194
Südliche Weinstraße,Rheinland-Pfalz,232,2023-02-20,111279,46609,68,61.1,0.4188481204899397,0.004977579437447703
Rhein-Pfalz-Kreis,Rheinland-Pfalz,308,2023-02-20,155050,60481,91,58.7,0.39007416962270236,0.0050925083910649625
Mainz-Bingen,Rheinland-Pfalz,329,2023-02-20,212420,99053,348,163.8,0.4663073156953206,0.003321454170999364
Südwestpfalz,Rheinland-Pfalz,172,2023-02-20,94819,40192,118,124.4,0.4238812896149506,0.004279458598726115
Stuttgart,Baden-Württemberg,769,2023-02-20,626275,252315,349,55.7,0.40288212047423255,0.0030477775796127855
Böblingen,Baden-Württemberg,541,2023-02-20,393195,183637,382,97.2,0.46703798369765637,0.002946029394947641
Esslingen,Baden-Württemberg,1030,2023-02-20,533388,242367,442,82.9,0.4543915498661387,0.004249753473038821
Göppingen,Baden-Württemberg,425,2023-02-20,259046,112731,288,111.2,0.4351775360360708,0.0037700366358854264
Ludwigsburg,Baden-Württemberg,763,2023-02-20,544679,232506,417,76.6,0.42686793505899806,0.0032816357427335207
Rems-Murr-Kreis,Baden-Württemberg,722,2023-02-20,427316,196469,364,85.2,0.4597744994336744,0.0036748800065150226
Heilbronn,Baden-Württemberg,299,2023-02-20,125613,59237,163,129.8,0.47158335522597183,0.005047520975066259
Heilbronn,Baden-Württemberg,522,2023-02-20,347798,167610,358,102.9,0.4819176648514368,0.003114372650796492
Hohenlohekreis,Baden-Württemberg,198,2023-02-20,113318,54807,65,57.4,0.48365661236520235,0.0036126772127647927
Schwäbisch Hall,Baden-Württemberg,377,2023-02-20,199398,85929,91,45.6,0.43094213582884483,0.004387343039020586
Main-Tauber-Kreis,Baden-Württemberg,249,2023-02-20,132956,61490,151,113.6,0.46248382923674,0.0040494389331598634
Heidenheim,Baden-Württemberg,379,2023-02-20,132958,63343,172,129.4,0.47641360429609353,0.005983297286203684
Ostalbkreis,Baden-Württemberg,633,2023-02-20,315009,150861,287,91.1,0.4789101263773416,0.004195915445343727
Baden-Baden,Baden-Württemberg,135,2023-02-20,55527,23781,80,144.1,0.4282781349613701,0.005676800807367226
Karlsruhe,Baden-Württemberg,419,2023-02-20,306502,130080,210,68.5,0.42440179835694386,0.0032210947109471096
Karlsruhe,Baden-Württemberg,773,2023-02-20,448487,209382,491,109.5,0.4668630305895154,0.003691816870600147
Rastatt,Baden-Württemberg,444,2023-02-20,232296,113602,351,151.1,0.4890398457140889,0.003908381894684953
Heidelberg,Baden-Württemberg,179,2023-02-20,159245,61889,195,122.5,0.3886401456874627,0.0028922748792192476
Mannheim,Baden-Württemberg,548,2023-02-20,311831,135283,240,77.0,0.4338343525820076,0.004050767650037329
Neckar-Odenwald-Kreis,Baden-Württemberg,235,2023-02-20,143929,71140,222,154.2,0.4942714810774757,0.0033033455158841723
Rhein-Neckar-Kreis,Baden-Württemberg,902,2023-02-20,549030,243992,625,113.8,0.4444055880370836,0.0036968425194268666
Pforzheim,Baden-Württemberg,347,2023-02-20,125529,59143,107,85.2,0.47115009280723974,0.005867135586629018
Calw,Baden-Württemberg,363,2023-02-20,160686,70584,152,94.6,0.43926664426272355,0.005142808568514111
Enzkreis,Baden-Württemberg,359,2023-02-20,200237,94994,184,91.9,0.4744078267253305,0.003779186053856033
Freudenstadt,Baden-Württemberg,267,2023-02-20,119183,55962,91,76.4,0.4695468313433963,0.004771094671384153
Freiburg im Breisgau,Baden-Württemberg,318,2023-02-20,231848,105565,239,103.1,0.4553198647389669,0.0030123620518164164
Breisgau-Hochschwarzwald,Baden-Württemberg,407,2023-02-20,265792,116186,212,79.8,0.43713129063327716,0.003503003804244918
Emmendingen,Baden-Württemberg,291,2023-02-20,167945,80574,217,129.2,0.47976420852064666,0.0036115868642490135
Ortenaukreis,Baden-Württemberg,957,2023-02-20,434535,211176,370,85.1,0.485981566502123,0.0045317649732924195
Rottweil,Baden-Württemberg,308,2023-02-20,140446,67429,97,69.1,0.48010623300058386,0.004567767577748447
Schwarzwald-Baar-Kreis,Baden-Württemberg,439,2023-02-20,213385,96326,185,86.7,0.4514187970100991,0.0045574403587816375
Tuttlingen,Baden-Württemberg,291,2023-02-20,142414,66050,163,114.5,0.463788672461977,0.004405753217259652
Konstanz,Baden-Württemberg,452,2023-02-20,288097,124300,180,62.5,0.4314519068230492,0.0036363636363636364
Lörrach,Baden-Württemberg,476,2023-02-20,229445,94233,155,67.6,0.41069973196190807,0.005051308989419842
Waldshut,Baden-Württemberg,389,2023-02-20,171249,73071,85,49.6,0.4266944624494158,0.005323589385665996
Reutlingen,Baden-Württemberg,566,2023-02-20,288158,131547,234,81.2,0.45650997022466844,0.004302644682128821
Tübingen,Baden-Württemberg,278,2023-02-20,229806,103264,201,87.5,0.44935293247347763,0.0026921289123024482
Zollernalbkreis,Baden-Württemberg,402,2023-02-20,190545,91201,187,98.1,0.47863234406570626,0.004407846405192925
Ulm,Baden-Württemberg,174,2023-02-20,126949,59871,194,152.8,0.47161458538468204,0.002906248434133387
Alb-Donau-Kreis,Baden-Württemberg,304,2023-02-20,199732,90531,207,103.6,0.4532623715779144,0.0033579657796776793
Biberach,Baden-Württemberg,334,2023-02-20,203244,98864,212,104.3,0.4864301037176989,0.0033783783783783786
Bodenseekreis,Baden-Württemberg,393,2023-02-20,218885,92047,189,86.3,0.42052676062772687,0.004269557943224657
Ravensburg,Baden-Württemberg,240,2023-02-20,287011,130343,200,69.7,0.45413938838581097,0.001841295658378279
Sigmaringen,Baden-Württemberg,196,2023-02-20,131725,67105,174,132.1,0.5094325298918201,0.0029207957678265405
Ingolstadt,Bayern,286,2023-02-20,138016,68742,175,126.8,0.49807268722466963,0.004160484129062291
München,Bayern,2507,2023-02-20,1487708,715145,1602,107.7,0.48070253033525395,0.003505582783910955
Rosenheim,Bayern,148,2023-02-20,63508,34601,45,70.9,0.5448289979215217,0.004277333025057079
Altötting,Bayern,405,2023-02-20,112116,61734,171,152.5,0.5506261372150273,0.006560404315288172
Berchtesgadener Land,Bayern,216,2023-02-20,106389,54417,33,31.0,0.5114908496179116,0.003969347814102211
Bad Tölz-Wolfratshausen,Bayern,200,2023-02-20,127919,61759,74,57.8,0.482797707924546,0.00323839440405447
Dachau,Bayern,281,2023-02-20,155449,85094,211,135.7,0.5474078315074398,0.0033022304745340446
Ebersberg,Bayern,314,2023-02-20,144562,74598,92,63.6,0.5160277251283186,0.004209228129440468
Eichstätt,Bayern,154,2023-02-20,133634,69024,199,148.9,0.5165152580930003,0.0022311080203987017
Erding,Bayern,225,2023-02-20,139622,76711,150,107.4,0.5494191459798599,0.002933086519534356
Freising,Bayern,258,2023-02-20,181144,91018,130,71.8,0.5024621295764695,0.0028346041442352064
Fürstenfeldbruck,Bayern,266,2023-02-20,218579,108107,263,120.3,0.49459005668431094,0.002460525220383509
Garmisch-Partenkirchen,Bayern,171,2023-02-20,88232,40163,84,95.2,0.4551976607126666,0.004257650075940542
Landsberg am Lech,Bayern,127,2023-02-20,121466,57979,101,83.2,0.47732698862233053,0.002190448265751393
Miesbach,Bayern,240,2023-02-20,99978,52662,58,58.0,0.5267358818940167,0.00455736584254301
Mühldorf a. Inn,Bayern,363,2023-02-20,117606,67844,147,125.0,0.576875329489992,0.0053505099935145335
München,Bayern,461,2023-02-20,349837,165318,325,92.9,0.4725572195050838,0.002788565068534582
Neuburg-Schrobenhausen,Bayern,165,2023-02-20,98503,51160,107,108.6,0.5193750444148909,0.003225175918686474
Pfaffenhofen a.d. Ilm,Bayern,282,2023-02-20,129772,66772,124,95.6,0.514533181271769,0.00422332714311388
Rosenheim,Bayern,830,2023-02-20,263367,146216,294,111.6,0.5551796542467355,0.00567653334792362
Starnberg,Bayern,192,2023-02-20,136747,59904,109,79.7,0.4380644547960833,0.003205128205128205
Traunstein,Bayern,420,2023-02-20,178447,100009,128,71.7,0.560440915229732,0.004199622034016939
Weilheim-Schongau,Bayern,238,2023-02-20,136642,69831,174,127.3,0.5110507750179301,0.0034082284372270195
Landshut,Bayern,221,2023-02-20,73150,35618,128,175.0,0.4869172932330827,0.0062047279465438825
Passau,Bayern,167,2023-02-20,53093,26193,69,130.0,0.4933418718098431,0.006375749245981751
Straubing,Bayern,137,2023-02-20,47854,22486,74,154.6,0.46988757470639864,0.006092679889709152
Deggendorf,Bayern,325,2023-02-20,120521,61059,106,88.0,0.5066254013823317,0.005322720647242831
Freyung-Grafenau,Bayern,248,2023-02-20,78632,42952,106,134.8,0.546240716247838,0.005773887129819333
Kelheim,Bayern,174,2023-02-20,123899,65705,170,137.2,0.5303109791039475,0.002648200289171296
Landshut,Bayern,369,2023-02-20,162331,86222,325,200.2,0.5311493183680258,0.004279650205284034
Passau,Bayern,654,2023-02-20,194090,103721,196,101.0,0.5343964140347262,0.006305376924634356
Regen,Bayern,286,2023-02-20,77176,42375,116,150.3,0.5490696589613351,0.006749262536873156
Rottal-Inn,Bayern,378,2023-02-20,122252,64928,111,90.8,0.5310996957104996,0.005821833415475604
Straubing-Bogen,Bayern,216,2023-02-20,102398,57920,213,208.0,0.5656360475790543,0.003729281767955801
Dingolfing-Landau,Bayern,300,2023-02-20,98045,52062,91,92.8,0.5310010709368147,0.005762360262763628
Amberg,Bayern,87,2023-02-20,41994,19772,68,161.9,0.4708291660713435,0.004400161845033381
Regensburg,Bayern,206,2023-02-20,153542,75966,242,157.6,0.4947571348556095,0.0027117394623910698
Weiden i.d. OPf.,Bayern,136,2023-02-20,42472,22838,94,221.3,0.5377189677905444,0.005954987301865312
Amberg-Sulzbach,Bayern,259,2023-02-20,103277,49147,144,139.4,0.4758755579654715,0.0052699045719982905
Cham,Bayern,325,2023-02-20,128444,68632,217,168.9,0.53433402883747,0.004735400396316587
Neumarkt i.d. OPf.,Bayern,287,2023-02-20,136062,67996,216,158.8,0.49974276432802694,0.004220836519795282
Neustadt a.d. Waldnaab,Bayern,274,2023-02-20,94838,53489,192,202.5,0.5640038803011451,0.005122548561386453
Regensburg,Bayern,296,2023-02-20,195225,104674,255,130.6,0.5361710846459213,0.002827827349676137
Schwandorf,Bayern,324,2023-02-20,149239,78611,193,129.3,0.5267456897995832,0.004121560595845365
Tirschenreuth,Bayern,332,2023-02-20,71648,40421,175,244.2,0.5641608977221975,0.008213552361396304
Bamberg,Bayern,182,2023-02-20,77749,33634,90,115.8,0.43259720382255723,0.005411191056668847
Bayreuth,Bayern,199,2023-02-20,73909,38850,95,128.5,0.5256464030091058,0.0051222651222651225
Coburg,Bayern,123,2023-02-20,40955,20209,36,87.9,0.49344402392870224,0.006086397149784749
Hof,Bayern,193,2023-02-20,45125,23263,50,110.8,0.5155235457063712,0.008296436401152045
Bamberg,Bayern,286,2023-02-20,147697,80481,166,112.4,0.5449061253783083,0.003553633776916291
Bayreuth,Bayern,267,2023-02-20,103648,54733,158,152.4,0.5280661469589379,0.004878227029397256
Coburg,Bayern,221,2023-02-20,86544,42723,80,92.4,0.49365640599001664,0.005172857711303045
Forchheim,Bayern,246,2023-02-20,116753,62184,173,148.2,0.532611581715245,0.0039560015438054805
Hof,Bayern,312,2023-02-20,93907,48762,148,157.6,0.5192584152406103,0.006398425003076166
Kronach,Bayern,203,2023-02-20,66091,36234,82,124.1,0.5482440876972658,0.0056024728155875695
Kulmbach,Bayern,193,2023-02-20,71328,39161,113,158.4,0.5490270300583221,0.004928372615612472
Lichtenfels,Bayern,190,2023-02-20,66741,37116,69,103.4,0.5561199262821953,0.0051190861084168555
Wunsiedel i. Fichtelgebirge,Bayern,323,2023-02-20,71482,37979,112,156.7,0.5313085811812764,0.008504699965770558
Ansbach,Bayern,71,2023-02-20,41662,21849,62,148.8,0.5244347366905093,0.0032495766396631424
Erlangen,Bayern,156,2023-02-20,113292,47022,196,173.0,0.4150513716767292,0.0033175960188847773
Fürth,Bayern,338,2023-02-20,129122,65202,202,156.4,0.5049642973312062,0.005183890064721941
Nürnberg,Bayern,1374,2023-02-20,510632,255650,888,173.9,0.5006540914004606,0.005374535497750832
Schwabach,Bayern,146,2023-02-20,41146,21169,63,153.1,0.5144850046177029,0.006896877509565875
Ansbach,Bayern,297,2023-02-20,186279,96095,170,91.3,0.5158659859672856,0.0030906915031999583
Erlangen-Höchstadt,Bayern,201,2023-02-20,139323,72324,236,169.4,0.5191102689433905,0.002779160444665671
Fürth,Bayern,315,2023-02-20,119432,60186,178,149.0,0.5039352937236251,0.0052337752965806
Nürnberger Land,Bayern,427,2023-02-20,171424,84054,257,149.9,0.4903280754153444,0.005080067575606158
Neustadt a.d. Aisch-Bad Windsheim,Bayern,182,2023-02-20,101788,50890,161,158.2,0.49996070263685305,0.003576341127922971
Roth,Bayern,274,2023-02-20,127520,66754,195,152.9,0.523478670012547,0.004104622943943434
Weißenburg-Gunzenhausen,Bayern,206,2023-02-20,95523,49754,83,86.9,0.5208588507479874,0.00414037062346746
Aschaffenburg,Bayern,206,2023-02-20,71381,34905,108,151.3,0.4889956711169639,0.005901733276034952
Schweinfurt,Bayern,196,2023-02-20,53585,28722,64,119.4,0.5360082112531492,0.006824037323306177
Würzburg,Bayern,240,2023-02-20,126933,68205,250,197.0,0.5373307177802463,0.003518803606773697
Aschaffenburg,Bayern,372,2023-02-20,174965,86245,227,129.7,0.4929271568599434,0.004313293524262276
Bad Kissingen,Bayern,241,2023-02-20,103454,56199,183,176.9,0.5432269414425736,0.004288332532607342
Rhön-Grabfeld,Bayern,179,2023-02-20,79376,43717,97,122.2,0.5507584156420077,0.004094517007113938
Haßberge,Bayern,178,2023-02-20,84284,45746,86,102.0,0.5427601917327132,0.0038910505836575876
Kitzingen,Bayern,187,2023-02-20,91980,46427,122,132.6,0.5047510328332246,0.004027828634199927
Miltenberg,Bayern,270,2023-02-20,128782,67532,221,171.6,0.5243900545107235,0.003998104602262631
Main-Spessart,Bayern,275,2023-02-20,126105,57567,132,104.7,0.45650053526822887,0.004777042402765473
Schweinfurt,Bayern,273,2023-02-20,116134,63601,146,125.7,0.5476518504486197,0.004292385339853147
Würzburg,Bayern,207,2023-02-20,163534,81460,243,148.6,0.4981227145425416,0.0025411244782715444
Augsburg,Bayern,776,2023-02-20,296478,144020,231,77.9,0.48576960179170126,0.005388140536036662
Kaufbeuren,Bayern,138,2023-02-20,45118,21369,31,68.7,0.4736247174076865,0.006457953109644813
Kempten (Allgäu),Bayern,131,2023-02-20,69053,34678,45,65.2,0.5021939669529202,0.0037776111655804835
Memmingen,Bayern,44,2023-02-20,44721,21375,32,71.6,0.47796337291205476,0.0020584795321637425
Aichach-Friedberg,Bayern,181,2023-02-20,135538,67952,132,97.4,0.5013501748587113,0.0026636449258299975
Augsburg,Bayern,469,2023-02-20,257790,125725,208,80.7,0.48770316924628576,0.0037303638894412407
Dillingen a.d. Donau,Bayern,259,2023-02-20,97985,54162,165,168.4,0.5527580752155942,0.004781950444961412
Günzburg,Bayern,249,2023-02-20,128436,65157,220,171.3,0.5073110342894516,0.003821538744877757
Neu-Ulm,Bayern,306,2023-02-20,177330,81366,206,116.2,0.45883945186939606,0.0037607846029053906
Lindau (Bodensee),Bayern,147,2023-02-20,82330,39793,61,74.1,0.48333535770678976,0.0036941170557635767
Ostallgäu,Bayern,313,2023-02-20,143236,76059,131,91.5,0.5310047753358095,0.00411522633744856
Unterallgäu,Bayern,279,2023-02-20,147776,73746,101,68.3,0.49903908618449544,0.003783256041005614
Donau-Ries,Bayern,291,2023-02-20,134986,73039,250,185.2,0.5410857422251196,0.0039841728391681154
Oberallgäu,Bayern,227,2023-02-20,157202,77994,105,66.8,0.4961387259704075,0.002910480293355899
Regionalverband Saarbrücken,Saarland,948,2023-02-20,327284,151959,388,118.6,0.4643031740017844,0.006238524865259708
Merzig-Wadern,Saarland,189,2023-02-20,103426,53841,174,168.2,0.5205750971709241,0.003510335989301833
Neunkirchen,Saarland,246,2023-02-20,130847,64843,249,190.3,0.49556352075324617,0.0037937788196104436
Saarlouis,Saarland,304,2023-02-20,193661,101544,233,120.3,0.5243389221371365,0.0029937760970613725
Saarpfalz-Kreis,Saarland,221,2023-02-20,140960,69320,217,153.9,0.4917707150964813,0.003188113098672822
St. Wendel,Saarland,203,2023-02-20,86170,46125,198,229.8,0.5352790994545665,0.004401084010840109
Berlin Mitte,Berlin,431,2023-02-20,377735,157944,378,100.1,0.4181344063960184,0.002728815276300461
Berlin Friedrichshain-Kreuzberg,Berlin,237,2023-02-20,280671,122149,154,54.9,0.4352034944828643,0.0019402532972025968
Berlin Pankow,Berlin,368,2023-02-20,404795,163570,283,69.9,0.40408107807655724,0.0022498013083083693
Berlin Charlottenburg-Wilmersdorf,Berlin,482,2023-02-20,317229,112091,170,53.6,0.3533441141888037,0.004300077615508827
Berlin Spandau,Berlin,391,2023-02-20,240542,93303,165,68.6,0.3878865229357035,0.004190647674780018
Berlin Steglitz-Zehlendorf,Berlin,613,2023-02-20,292255,106516,210,71.9,0.36446254127388755,0.005755003943069586
Berlin Tempelhof-Schöneberg,Berlin,688,2023-02-20,342285,131433,275,80.3,0.383987028353565,0.005234606225225019
Berlin Neukölln,Berlin,570,2023-02-20,320204,127230,198,61.8,0.39734044546601544,0.004480075453902382
Berlin Treptow-Köpenick,Berlin,409,2023-02-20,273188,101526,196,71.7,0.37163418598181475,0.00402852471288143
Berlin Marzahn-Hellersdorf,Berlin,451,2023-02-20,274853,101846,169,61.5,0.37054716521194964,0.00442825442334505
Berlin Lichtenberg,Berlin,409,2023-02-20,293139,112400,154,52.5,0.3834358444287522,0.0036387900355871884
Berlin Reinickendorf,Berlin,468,2023-02-20,260576,94085,169,64.9,0.36106548569323343,0.004974225434447574
Brandenburg an der Havel,Brandenburg,206,2023-02-20,72461,28789,63,86.9,0.397303376989001,0.007155510785369412
Cottbus,Brandenburg,340,2023-02-20,98359,50703,91,92.5,0.515489177401153,0.006705717610397807
Frankfurt (Oder),Brandenburg,222,2023-02-20,56679,27524,50,88.2,0.4856119550450784,0.008065688126725767
Potsdam,Brandenburg,286,2023-02-20,183154,80030,822,448.8,0.43695469386417984,0.0035736598775459203
Barnim,Brandenburg,398,2023-02-20,188835,69099,107,56.7,0.3659226308682183,0.005759851806827885
Dahme-Spreewald,Brandenburg,442,2023-02-20,175834,79809,140,79.6,0.4538883264897574,0.005538222506233633
Elbe-Elster,Brandenburg,443,2023-02-20,100317,50116,60,59.8,0.4995763429927131,0.008839492377683774
Havelland,Brandenburg,345,2023-02-20,165906,62980,104,62.7,0.3796125516858944,0.005477929501429025
Märkisch-Oderland,Brandenburg,448,2023-02-20,197965,81494,156,78.8,0.41165862652489077,0.005497337227280536
Oberhavel,Brandenburg,498,2023-02-20,215795,88715,164,76.0,0.41110776431335294,0.0056134813729358055
Oberspreewald-Lausitz,Brandenburg,429,2023-02-20,107558,52716,58,53.9,0.49011696015173206,0.008137946733439563
Oder-Spree,Brandenburg,526,2023-02-20,179245,82479,125,69.7,0.46014672654746297,0.006377380909079887
Ostprignitz-Ruppin,Brandenburg,247,2023-02-20,98829,40596,43,43.5,0.410770118082749,0.006084343285052715
Potsdam-Mittelmark,Brandenburg,344,2023-02-20,219521,96416,138,62.9,0.43921082721015303,0.0035678725522734814
Prignitz,Brandenburg,256,2023-02-20,75574,36210,101,133.6,0.47913303517082595,0.007069870201601767
Spree-Neiße,Brandenburg,352,2023-02-20,111955,56523,86,76.8,0.5048724934125318,0.006227553385347558
Teltow-Fläming,Brandenburg,386,2023-02-20,172545,76762,119,69.0,0.444881045524356,0.005028529741278237
Uckermark,Brandenburg,292,2023-02-20,117336,48149,73,62.2,0.410351469284789,0.0060645080894722635
Rostock,Mecklenburg-Vorpommern,186,2023-02-20,208400,94157,105,50.4,0.4518090211132438,0.0019754240258292003
Schwerin,Mecklenburg-Vorpommern,214,2023-02-20,95740,44448,59,61.6,0.46425736369333614,0.004814614830813535
Mecklenburgische Seenplatte,Mecklenburg-Vorpommern,321,2023-02-20,257525,93731,95,36.9,0.36396854674303464,0.0034246940713317897
Rostock,Mecklenburg-Vorpommern,369,2023-02-20,217796,99097,112,51.4,0.45499917353854064,0.003723624327678941
Vorpommern-Rügen,Mecklenburg-Vorpommern,324,2023-02-20,225900,96483,124,54.9,0.42710491367861886,0.0033581045365504805
Nordwestmecklenburg,Mecklenburg-Vorpommern,197,2023-02-20,158449,75965,151,95.3,0.4794287120777032,0.0025932995458434805
Vorpommern-Greifswald,Mecklenburg-Vorpommern,582,2023-02-20,235451,106256,151,64.1,0.4512871043231925,0.005477337750338805
Ludwigslust-Parchim,Mecklenburg-Vorpommern,558,2023-02-20,211899,98998,117,55.2,0.46719427651853007,0.005636477504596052
Chemnitz,Sachsen,913,2023-02-20,243105,107587,125,51.4,0.44255362909031076,0.00848615539052116
Erzgebirgskreis,Sachsen,1828,2023-02-20,328695,161428,131,39.9,0.49111790565722024,0.01132393389003147
Mittelsachsen,Sachsen,1068,2023-02-20,299329,140710,92,30.7,0.47008475623811924,0.00759007888565134
Vogtlandkreis,Sachsen,1386,2023-02-20,221376,109631,99,44.7,0.49522531801098585,0.01264240953744835
Zwickau,Sachsen,1636,2023-02-20,309621,145176,68,22.0,0.468882924607827,0.011269080288752962
Dresden,Sachsen,1887,2023-02-20,555351,280552,269,48.4,0.5051796071313458,0.006726025834782857
Bautzen,Sachsen,1526,2023-02-20,296290,154286,92,31.1,0.520726315434203,0.009890722424588102
Görlitz,Sachsen,1743,2023-02-20,248273,110856,89,35.8,0.4465084805838734,0.015723100238146784
Meißen,Sachsen,1047,2023-02-20,239344,118593,75,31.3,0.49549184437462396,0.00882851433052541
Sächsische Schweiz-Osterzgebirge,Sachsen,1553,2023-02-20,244009,124998,104,42.6,0.5122679901151187,0.012424198787180594
Leipzig,Sachsen,892,2023-02-20,601866,277665,527,87.6,0.46134023187885675,0.003212504276736355
Leipzig,Sachsen,582,2023-02-20,258214,127962,177,68.5,0.4955656935719984,0.0045482252543723916
Nordsachsen,Sachsen,715,2023-02-20,197529,90087,91,46.1,0.4560697416581869,0.007936772231287532
Dessau-Roßlau,Sachsen-Anhalt,232,2023-02-20,78731,34215,59,74.9,0.43458104177515844,0.006780651760923572
Halle (Saale),Sachsen-Anhalt,699,2023-02-20,238061,107891,198,83.2,0.45320737121998145,0.0064787609717214594
Magdeburg,Sachsen-Anhalt,353,2023-02-20,236188,88104,140,59.3,0.3730248784866293,0.004006628529919187
Altmarkkreis Salzwedel,Sachsen-Anhalt,173,2023-02-20,81986,38365,64,78.1,0.4679457468348255,0.004509318389156783
Anhalt-Bitterfeld,Sachsen-Anhalt,467,2023-02-20,155900,70513,104,66.7,0.4522963438101347,0.006622892232637953
Börde,Sachsen-Anhalt,236,2023-02-20,170106,75784,117,68.8,0.4455104464275217,0.0031141137971075687
Burgenlandkreis,Sachsen-Anhalt,1001,2023-02-20,176333,85527,107,60.7,0.485031162629797,0.01170390636874905
Harz,Sachsen-Anhalt,590,2023-02-20,209117,92359,100,47.8,0.4416618448045831,0.006388115938890633
Jerichower Land,Sachsen-Anhalt,241,2023-02-20,89118,39382,88,98.7,0.4419084808905047,0.006119547001168046
Mansfeld-Südharz,Sachsen-Anhalt,389,2023-02-20,132317,62374,127,96.0,0.4713982330312809,0.006236572931028955
Saalekreis,Sachsen-Anhalt,642,2023-02-20,182814,88191,139,76.0,0.4824083494699531,0.007279654386502024
Salzlandkreis,Sachsen-Anhalt,461,2023-02-20,185495,77095,107,57.7,0.41561767163535407,0.005979635514624814
Stendal,Sachsen-Anhalt,315,2023-02-20,109746,45502,44,40.1,0.4146119220746086,0.006922772625379104
Wittenberg,Sachsen-Anhalt,454,2023-02-20,123341,51777,42,34.1,0.41978741861992364,0.008768372057090986
Erfurt,Thüringen,622,2023-02-20,213227,80458,134,62.8,0.3773349528905814,0.007730741504884536
Gera,Thüringen,409,2023-02-20,91368,36759,33,36.1,0.4023180982400841,0.011126526836965097
Jena,Thüringen,183,2023-02-20,110502,47101,72,65.2,0.42624567881124326,0.00388526782870852
Suhl,Thüringen,210,2023-02-20,36054,12851,12,33.3,0.3564375658734121,0.016341140767255468
Weimar,Thüringen,196,2023-02-20,65138,27418,28,43.0,0.4209217353925512,0.007148588518491502
Eichsfeld,Thüringen,384,2023-02-20,99324,46976,65,65.4,0.47295719060851354,0.008174386920980926
Nordhausen,Thüringen,111,2023-02-20,81687,29038,35,42.8,0.3554788399622951,0.003822577312487086
Wartburgkreis,Thüringen,469,2023-02-20,158900,64469,91,57.3,0.40572057898049085,0.007274814251810948
Unstrut-Hainich-Kreis,Thüringen,451,2023-02-20,101269,43871,20,19.7,0.4332125329567785,0.010280139499897426
Kyffhäuserkreis,Thüringen,274,2023-02-20,72964,26871,20,27.4,0.3682775067156406,0.010196866510364333
Schmalkalden-Meiningen,Thüringen,762,2023-02-20,123404,56770,67,54.3,0.46003371041457325,0.013422582349832658
Gotha,Thüringen,381,2023-02-20,133825,52888,75,56.0,0.39520269008032877,0.007203902586598094
Sömmerda,Thüringen,269,2023-02-20,68717,27660,25,36.4,0.402520482558901,0.00972523499638467
Hildburghausen,Thüringen,443,2023-02-20,62089,28192,23,37.0,0.4540578846494548,0.015713677639046537
Ilm-Kreis,Thüringen,457,2023-02-20,105367,48422,58,55.0,0.45955564835289986,0.00943785882450126
Weimarer Land,Thüringen,150,2023-02-20,82103,32540,21,25.6,0.39633143734090104,0.004609711124769515
Sonneberg,Thüringen,305,2023-02-20,56504,24569,43,76.1,0.4348187738921138,0.012414017664536611
Saalfeld-Rudolstadt,Thüringen,597,2023-02-20,100969,41935,32,31.7,0.41532549594429974,0.014236318111362823
Saale-Holzland-Kreis,Thüringen,258,2023-02-20,82513,37668,42,50.9,0.45650988329111775,0.00684931506849315
Saale-Orla-Kreis,Thüringen,353,2023-02-20,79030,34405,26,32.9,0.4353410097431355,0.010260136608051156
Greiz,Thüringen,445,2023-02-20,96102,39379,17,17.7,0.4097625439637052,0.011300439320449987
Altenburger Land,Thüringen,530,2023-02-20,87807,40308,18,20.5,0.45905223957087704,0.01314875458965962
