;IdLandkreis;GEN;BL;AnzahlTodesfall;Meldedatum;Bevoelkerung;Faelle_gesamt;Faelle_neu;Faelle_7-Tage;Inzidenz_7-Tage;Infektionsrate;Letalitätsrate
0;1001;Flensburg;Schleswig-Holstein;96;2023-02-19;91113;40801;0;63;69.1;0.4478065698637955;0.0023528835077571628
1;1002;Kiel;Schleswig-Holstein;322;2023-02-19;246243;102409;0;186;75.5;0.415885933813347;0.0031442548994717262
2;1003;Lübeck;Schleswig-Holstein;166;2023-02-19;216277;91534;0;87;40.2;0.42322577065522454;0.0018135337688727686
3;1004;Neumünster;Schleswig-Holstein;129;2023-02-19;79496;31445;0;51;64.2;0.39555449330783937;0.0041024010176498645
4;1051;Dithmarschen;Schleswig-Holstein;126;2023-02-19;133969;53768;0;67;50.0;0.40134658017899666;0.0023434012795714924
5;1053;Herzogtum Lauenburg;Schleswig-Holstein;214;2023-02-19;200819;76299;0;79;39.3;0.37993914918409116;0.002804754977129451
6;1054;Nordfriesland;Schleswig-Holstein;213;2023-02-19;167560;72415;0;140;83.6;0.43217354977321554;0.0029413795484360974
7;1055;Ostholstein;Schleswig-Holstein;138;2023-02-19;202014;73304;0;62;30.7;0.3628659399843575;0.0018825712103023027
8;1056;Pinneberg;Schleswig-Holstein;678;2023-02-19;318326;125499;0;170;53.4;0.3942467784598179;0.005402433485525781
9;1057;Plön;Schleswig-Holstein;79;2023-02-19;129687;47069;0;84;64.8;0.36294308604563297;0.001678387048800697
10;1058;Rendsburg-Eckernförde;Schleswig-Holstein;148;2023-02-19;276053;112008;0;249;90.2;0.4057481715467682;0.0013213341904149704
11;1059;Schleswig-Flensburg;Schleswig-Holstein;186;2023-02-19;203799;79484;0;155;76.1;0.39001172724105615;0.00234009360374415
12;1060;Segeberg;Schleswig-Holstein;416;2023-02-19;280400;123556;0;181;64.6;0.440641940085592;0.003366894363689339
13;1061;Steinburg;Schleswig-Holstein;77;2023-02-19;130843;52428;0;121;92.5;0.40069396146526753;0.0014686808575570306
14;1062;Stormarn;Schleswig-Holstein;468;2023-02-19;245406;89171;0;71;28.9;0.3633611240148978;0.005248343071177849
15;2000;Hamburg;Hamburg;3592;2023-02-19;1853935;804589;0;883;47.6;0.43398986480108526;0.004464391136344146
16;3101;Braunschweig;Niedersachsen;476;2023-02-19;248823;109985;0;281;112.9;0.44202103503293505;0.004327862890394145
17;3102;Salzgitter;Niedersachsen;211;2023-02-19;103694;51571;0;152;146.6;0.49733832237159337;0.004091446743324737
18;3103;Wolfsburg;Niedersachsen;245;2023-02-19;123949;59030;0;97;78.3;0.4762442617528177;0.004150431983737083
19;3151;Gifhorn;Niedersachsen;517;2023-02-19;177919;82634;0;209;117.5;0.4644473046723509;0.006256504586489822
20;3153;Goslar;Niedersachsen;317;2023-02-19;134050;57091;0;131;97.7;0.425893323386796;0.005552538929078138
21;3154;Helmstedt;Niedersachsen;178;2023-02-19;91379;40800;0;80;87.5;0.4464920824259403;0.004362745098039216
22;3155;Northeim;Niedersachsen;267;2023-02-19;131765;62965;0;192;145.7;0.4778583083519903;0.004240451044230922
23;3157;Peine;Niedersachsen;203;2023-02-19;136960;69883;0;137;100.0;0.51024386682243;0.0029048552580742096
24;3158;Wolfenbüttel;Niedersachsen;211;2023-02-19;119224;55583;0;144;120.8;0.4662064684962759;0.0037961247143910907
25;3159;Göttingen;Niedersachsen;517;2023-02-19;323661;154114;0;430;132.9;0.4761586969081848;0.0033546595377447865
26;3241;Region Hannover;Niedersachsen;2257;2023-02-19;1157541;530454;0;1454;125.6;0.45825936187141536;0.004254845849027437
27;3251;Diepholz;Niedersachsen;193;2023-02-19;218839;104291;0;182;83.2;0.4765649632835098;0.001850591134421954
28;3252;Hameln-Pyrmont;Niedersachsen;210;2023-02-19;148963;69112;0;198;132.9;0.4639541362620248;0.003038546128024077
29;3254;Hildesheim;Niedersachsen;724;2023-02-19;274773;130496;0;377;137.2;0.4749229363874908;0.005548062775870524
30;3255;Holzminden;Niedersachsen;199;2023-02-19;69862;31453;0;86;123.1;0.4502161403910567;0.006326900454646615
31;3256;Nienburg (Weser);Niedersachsen;264;2023-02-19;121773;57486;0;189;155.2;0.4720750905373112;0.004592422502870264
32;3257;Schaumburg;Niedersachsen;294;2023-02-19;158108;79281;0;224;141.7;0.5014357274774205;0.00370832860332236
33;3351;Celle;Niedersachsen;239;2023-02-19;179915;81535;0;183;101.7;0.45318622682933607;0.002931256515606795
34;3352;Cuxhaven;Niedersachsen;317;2023-02-19;199603;90189;0;205;102.7;0.4518419061837748;0.0035148410560046127
35;3353;Harburg;Niedersachsen;301;2023-02-19;257548;119163;0;195;75.7;0.46268268439281224;0.0025259518474694325
36;3354;Lüchow-Dannenberg;Niedersachsen;66;2023-02-19;48472;21457;0;44;90.8;0.4426679320019805;0.0030759192804213076
37;3355;Lüneburg;Niedersachsen;238;2023-02-19;185129;85170;0;136;73.5;0.4600575814702181;0.0027944111776447107
38;3356;Osterholz;Niedersachsen;116;2023-02-19;115054;52584;0;85;73.9;0.4570375649694926;0.0022059942187737714
39;3357;Rotenburg (Wümme);Niedersachsen;291;2023-02-19;165001;75610;0;90;54.5;0.45823964703244224;0.003848697262266896
40;3358;Heidekreis;Niedersachsen;260;2023-02-19;142912;61867;0;165;115.5;0.4329027653381102;0.004202563563773902
41;3359;Stade;Niedersachsen;340;2023-02-19;206496;99171;0;156;75.5;0.4802562761506276;0.0034284216151899247
42;3360;Uelzen;Niedersachsen;288;2023-02-19;92894;44110;0;93;100.1;0.4748422933666329;0.0065291317161641355
43;3361;Verden;Niedersachsen;213;2023-02-19;138507;64460;0;113;81.6;0.46539164085569684;0.003304374806081291
44;3401;Delmenhorst;Niedersachsen;132;2023-02-19;77522;37046;0;110;141.9;0.47787724774902607;0.0035631377206715976
45;3402;Emden;Niedersachsen;45;2023-02-19;49523;22295;0;25;50.5;0.45019485895442524;0.002018389773491814
46;3403;Oldenburg (Oldb);Niedersachsen;72;2023-02-19;170389;78796;0;158;92.7;0.46244769321963275;0.0009137519671049292
47;3404;Osnabrück;Niedersachsen;202;2023-02-19;165034;80842;0;207;125.4;0.489850576244895;0.0024987011701838153
48;3405;Wilhelmshaven;Niedersachsen;232;2023-02-19;75027;33342;0;70;93.3;0.44440001599424206;0.006958190870373703
49;3451;Ammerland;Niedersachsen;107;2023-02-19;126475;58229;0;119;94.1;0.4603992883969164;0.001837572343677549
50;3452;Aurich;Niedersachsen;219;2023-02-19;190425;89060;0;131;68.8;0.467690691873441;0.002459016393442623
51;3453;Cloppenburg;Niedersachsen;331;2023-02-19;173980;99200;0;209;120.1;0.5701804805150017;0.003336693548387097
52;3454;Emsland;Niedersachsen;465;2023-02-19;331397;193385;0;607;183.2;0.5835448118118148;0.0024045298239263645
53;3455;Friesland;Niedersachsen;85;2023-02-19;98971;42281;0;65;65.7;0.42720594921744753;0.0020103592630259454
54;3456;Grafschaft Bentheim;Niedersachsen;225;2023-02-19;138722;75763;0;125;90.1;0.5461498536641629;0.002969787363224793
55;3457;Leer;Niedersachsen;211;2023-02-19;172421;71989;0;103;59.7;0.41751874771634545;0.0029310033477336814
56;3458;Oldenburg;Niedersachsen;190;2023-02-19;132091;67946;0;177;134.0;0.5143878084048118;0.0027963382686250846
57;3459;Osnabrück;Niedersachsen;549;2023-02-19;361550;189544;0;445;123.1;0.5242539067902088;0.0028964251044612333
58;3460;Vechta;Niedersachsen;135;2023-02-19;144805;90085;0;179;123.6;0.6221124961154656;0.0014985846700338568
59;3461;Wesermarsch;Niedersachsen;194;2023-02-19;88430;39329;0;50;56.5;0.444747257717969;0.004932746828040378
60;3462;Wittmund;Niedersachsen;92;2023-02-19;57455;28532;0;52;90.5;0.49659733704638415;0.003224449740642086
61;4011;Bremen;Bremen;716;2023-02-19;563290;248384;0;591;104.9;0.4409522626000817;0.002882633341922185
62;4012;Bremerhaven;Bremen;245;2023-02-19;113173;53610;0;55;48.6;0.47369955731490726;0.004570042902443574
63;5111;Düsseldorf;Nordrhein-Westfalen;1047;2023-02-19;619477;274551;0;735;118.6;0.44319805255078076;0.003813499131308937
64;5112;Duisburg;Nordrhein-Westfalen;1066;2023-02-19;495152;160641;0;478;96.5;0.32442765049924066;0.006635914866067816
65;5113;Essen;Nordrhein-Westfalen;894;2023-02-19;579432;227330;0;664;114.6;0.3923324911292438;0.003932608982536401
66;5114;Krefeld;Nordrhein-Westfalen;312;2023-02-19;227050;93637;0;228;100.4;0.41240695881964323;0.0033320161901812316
67;5116;Mönchengladbach;Nordrhein-Westfalen;396;2023-02-19;261001;116064;0;317;121.5;0.44468795138715944;0.003411910669975186
68;5117;Mülheim an der Ruhr;Nordrhein-Westfalen;452;2023-02-19;170739;66784;0;279;163.4;0.3911467210186308;0.006768088164829899
69;5119;Oberhausen;Nordrhein-Westfalen;542;2023-02-19;208752;75221;0;222;106.3;0.36033666743312637;0.007205434652557132
70;5120;Remscheid;Nordrhein-Westfalen;310;2023-02-19;111770;52613;0;201;179.8;0.4707255972085533;0.0058920799042061845
71;5122;Solingen;Nordrhein-Westfalen;388;2023-02-19;158957;83107;0;324;203.8;0.5228269280371421;0.004668680135247332
72;5124;Wuppertal;Nordrhein-Westfalen;738;2023-02-19;354572;169465;0;486;137.1;0.47794242072132037;0.004354881538960847
73;5154;Kleve;Nordrhein-Westfalen;473;2023-02-19;314676;122984;0;379;120.4;0.39082739071298733;0.003846028751707539
74;5158;Mettmann;Nordrhein-Westfalen;1307;2023-02-19;484411;229815;0;707;146.0;0.47442151396231713;0.005687183169070774
75;5162;Rhein-Kreis Neuss;Nordrhein-Westfalen;778;2023-02-19;452496;191700;0;585;129.3;0.4236501538135144;0.004058424621804903
76;5166;Viersen;Nordrhein-Westfalen;435;2023-02-19;298761;131291;0;470;157.3;0.4394516017820264;0.003313250717870989
77;5170;Wesel;Nordrhein-Westfalen;564;2023-02-19;460433;195774;0;452;98.2;0.42519541388215004;0.0028808728431763157
78;5314;Bonn;Nordrhein-Westfalen;533;2023-02-19;331885;139472;0;341;102.7;0.4202419512783042;0.003821555581048526
79;5315;Köln;Nordrhein-Westfalen;1207;2023-02-19;1073096;505461;0;1553;144.7;0.4710305508547232;0.00238791914707564
80;5316;Leverkusen;Nordrhein-Westfalen;204;2023-02-19;163851;76679;0;442;269.8;0.46798005505001494;0.0026604415811369475
81;5334;Städteregion Aachen;Nordrhein-Westfalen;1047;2023-02-19;556673;254355;0;587;105.4;0.45691995121013596;0.004116294155805862
82;5358;Düren;Nordrhein-Westfalen;497;2023-02-19;266771;132625;0;539;202.0;0.49714924035970925;0.0037474081055607917
83;5362;Rhein-Erft-Kreis;Nordrhein-Westfalen;696;2023-02-19;471891;228795;0;961;203.6;0.4848471363090205;0.0030420245197666034
84;5366;Euskirchen;Nordrhein-Westfalen;420;2023-02-19;194701;97302;0;461;236.8;0.49975090009809914;0.0043164580378615034
85;5370;Heinsberg;Nordrhein-Westfalen;629;2023-02-19;258306;100349;0;470;182.0;0.38848884656182975;0.006268124246380133
86;5374;Oberbergischer Kreis;Nordrhein-Westfalen;547;2023-02-19;271621;130691;0;280;103.1;0.48115204641761866;0.004185445057425531
87;5378;Rheinisch-Bergischer Kreis;Nordrhein-Westfalen;281;2023-02-19;283429;125222;0;339;119.6;0.4418108238747623;0.0022440146300170896
88;5382;Rhein-Sieg-Kreis;Nordrhein-Westfalen;905;2023-02-19;600732;259074;0;798;132.8;0.4312638580931264;0.0034932104340844703
89;5512;Bottrop;Nordrhein-Westfalen;224;2023-02-19;117311;49214;0;164;139.8;0.4195173513140285;0.00455155037184541
90;5513;Gelsenkirchen;Nordrhein-Westfalen;705;2023-02-19;260126;104425;0;313;120.3;0.40144007135003806;0.006751256882930333
91;5515;Münster;Nordrhein-Westfalen;261;2023-02-19;317713;146081;0;394;124.0;0.459789180801541;0.0017866799926068413
92;5554;Borken;Nordrhein-Westfalen;547;2023-02-19;373582;192362;0;392;104.9;0.5149123887125183;0.002843596968216176
93;5558;Coesfeld;Nordrhein-Westfalen;160;2023-02-19;221352;109695;0;205;92.6;0.4955681448552532;0.001458589726058617
94;5562;Recklinghausen;Nordrhein-Westfalen;1725;2023-02-19;612801;244107;0;795;129.7;0.398346282071994;0.007066573265002643
95;5566;Steinfurt;Nordrhein-Westfalen;529;2023-02-19;450176;213174;0;647;143.7;0.47353479528006825;0.00248154090086033
96;5570;Warendorf;Nordrhein-Westfalen;397;2023-02-19;278176;135493;0;376;135.2;0.48707652709076266;0.0029300406663074845
97;5711;Bielefeld;Nordrhein-Westfalen;724;2023-02-19;334002;162076;0;407;121.9;0.4852545793138963;0.004467040154001826
98;5754;Gütersloh;Nordrhein-Westfalen;551;2023-02-19;366104;182029;0;301;82.2;0.49720571203810937;0.0030269902048574676
99;5758;Herford;Nordrhein-Westfalen;455;2023-02-19;250635;134569;0;417;166.4;0.5369122429030263;0.003381165052872504
100;5762;Höxter;Nordrhein-Westfalen;237;2023-02-19;139994;55703;0;146;104.3;0.39789562409817564;0.00425470800495485
101;5766;Lippe;Nordrhein-Westfalen;770;2023-02-19;346151;152163;0;338;97.6;0.43958561437060706;0.005060362900310851
102;5770;Minden-Lübbecke;Nordrhein-Westfalen;502;2023-02-19;311214;174753;0;615;197.6;0.5615203686209489;0.0028726259348909604
103;5774;Paderborn;Nordrhein-Westfalen;254;2023-02-19;309380;121703;0;359;116.0;0.3933770767341134;0.0020870479774533083
104;5911;Bochum;Nordrhein-Westfalen;566;2023-02-19;363441;144295;0;731;201.1;0.3970245514402613;0.003922519837832219
105;5913;Dortmund;Nordrhein-Westfalen;693;2023-02-19;586852;258516;0;720;122.7;0.44051311063095977;0.0026806851413452167
106;5914;Hagen;Nordrhein-Westfalen;639;2023-02-19;188713;84521;0;262;138.8;0.447881174057961;0.0075602512984938655
107;5915;Hamm;Nordrhein-Westfalen;300;2023-02-19;179238;85953;0;197;109.9;0.47954674789944096;0.0034902795713936687
108;5916;Herne;Nordrhein-Westfalen;477;2023-02-19;156621;70510;0;235;150.0;0.45019505685699873;0.006764997872642178
109;5954;Ennepe-Ruhr-Kreis;Nordrhein-Westfalen;748;2023-02-19;322143;131733;0;302;93.7;0.40892709138488187;0.005678152019615434
110;5958;Hochsauerlandkreis;Nordrhein-Westfalen;295;2023-02-19;258615;113842;0;269;104.0;0.44019875103918954;0.002591310764041391
111;5962;Märkischer Kreis;Nordrhein-Westfalen;817;2023-02-19;406793;200495;0;490;120.5;0.49286737972383987;0.004074914586398663
112;5966;Olpe;Nordrhein-Westfalen;231;2023-02-19;133120;47714;0;103;77.4;0.3584284855769231;0.004841346355367398
113;5970;Siegen-Wittgenstein;Nordrhein-Westfalen;315;2023-02-19;274342;131312;0;332;121.0;0.47864344504304845;0.002398866821006458
114;5974;Soest;Nordrhein-Westfalen;518;2023-02-19;302298;118086;0;218;72.1;0.39062779112002066;0.004386633470521485
115;5978;Unna;Nordrhein-Westfalen;754;2023-02-19;393063;166941;0;436;110.9;0.42471817494905395;0.004516565732803805
116;6411;Darmstadt;Hessen;273;2023-02-19;159631;70797;0;248;155.4;0.4435040812874692;0.0038560955972710706
117;6412;Frankfurt am Main;Hessen;1580;2023-02-19;759224;332153;0;750;98.8;0.43749012149247124;0.004756843984549289
118;6413;Offenbach am Main;Hessen;332;2023-02-19;131295;60147;0;147;112.0;0.45810579229978293;0.005519809799324987
119;6414;Wiesbaden;Hessen;537;2023-02-19;278950;133366;0;379;135.9;0.4781000179243592;0.004026513504191473
120;6431;Bergstraße;Hessen;522;2023-02-19;271166;130631;0;285;105.1;0.48173812351105966;0.0039959887009974665
121;6432;Darmstadt-Dieburg;Hessen;564;2023-02-19;296900;130483;0;464;156.3;0.439484674974739;0.004322402152004475
122;6433;Groß-Gerau;Hessen;387;2023-02-19;276307;119009;0;307;111.1;0.4307129388687221;0.0032518549017301213
123;6434;Hochtaunuskreis;Hessen;318;2023-02-19;237041;103885;0;327;138.0;0.4382575166321438;0.003061077152620686
124;6435;Main-Kinzig-Kreis;Hessen;1085;2023-02-19;423465;204960;0;702;165.8;0.4840069427225391;0.005293715846994535
125;6436;Main-Taunus-Kreis;Hessen;395;2023-02-19;239276;109227;0;378;158.0;0.4564895768902857;0.0036163219716736704
126;6437;Odenwaldkreis;Hessen;255;2023-02-19;96953;47037;0;163;168.1;0.48515259971326313;0.005421264111231583
127;6438;Offenbach;Hessen;901;2023-02-19;357466;164654;0;420;117.5;0.4606144360582545;0.0054720808483243654
128;6439;Rheingau-Taunus-Kreis;Hessen;273;2023-02-19;187229;89729;0;330;176.3;0.47924733882037507;0.003042494622697233
129;6440;Wetteraukreis;Hessen;849;2023-02-19;311661;134983;0;345;110.7;0.43310840945771206;0.006289680922782869
130;6531;Gießen;Hessen;454;2023-02-19;272874;136197;0;521;190.9;0.49912047318542624;0.0033334067563896416
131;6532;Lahn-Dill-Kreis;Hessen;409;2023-02-19;253364;127769;0;216;85.3;0.5042902701251953;0.003201089466145935
132;6533;Limburg-Weilburg;Hessen;385;2023-02-19;172759;87107;0;348;201.4;0.5042110685984522;0.004419851447070844
133;6534;Marburg-Biedenkopf;Hessen;471;2023-02-19;246097;121707;0;393;159.7;0.49454889738599006;0.0038699499617934874
134;6535;Vogelsbergkreis;Hessen;131;2023-02-19;105671;52687;0;223;211.0;0.49859469485478514;0.0024863818399225614
135;6611;Kassel;Hessen;346;2023-02-19;200406;79115;0;178;88.8;0.3947736095725677;0.0043733805220249
136;6631;Fulda;Hessen;422;2023-02-19;223572;133738;0;661;295.7;0.5981876084661765;0.003155423290313897
137;6632;Hersfeld-Rotenburg;Hessen;231;2023-02-19;120163;52879;0;128;106.5;0.44006058437289347;0.004368463851434407
138;6633;Kassel;Hessen;380;2023-02-19;237268;97747;0;369;155.5;0.4119687442048654;0.003887587342834051
139;6634;Schwalm-Eder-Kreis;Hessen;294;2023-02-19;180052;73135;0;107;59.4;0.40618821229422614;0.0040199630819716965
140;6635;Waldeck-Frankenberg;Hessen;218;2023-02-19;156513;66488;0;122;77.9;0.4248081629002064;0.003278787149560823
141;6636;Werra-Meißner-Kreis;Hessen;255;2023-02-19;99714;45633;0;179;179.5;0.45763884710271374;0.005588061271448294
142;7111;Koblenz;Rheinland-Pfalz;195;2023-02-19;113638;50524;0;142;125.0;0.44460479769091327;0.0038595518961285725
143;7131;Ahrweiler;Rheinland-Pfalz;141;2023-02-19;128146;47323;0;201;156.9;0.36928971641721164;0.002979523698835661
144;7132;Altenkirchen (Westerwald);Rheinland-Pfalz;180;2023-02-19;129261;51385;0;155;119.9;0.3975290304113383;0.0035029677921572444
145;7133;Bad Kreuznach;Rheinland-Pfalz;277;2023-02-19;159402;77744;0;283;177.5;0.4877228642049661;0.0035629759209713932
146;7134;Birkenfeld;Rheinland-Pfalz;174;2023-02-19;80849;35459;0;108;133.6;0.43858303751437866;0.004907075777658704
147;7135;Cochem-Zell;Rheinland-Pfalz;134;2023-02-19;61735;25430;0;58;93.9;0.41192192435409414;0.00526936688950059
148;7137;Mayen-Koblenz;Rheinland-Pfalz;256;2023-02-19;215446;94821;0;270;125.3;0.44011492438940614;0.0026998238786766645
149;7138;Neuwied;Rheinland-Pfalz;298;2023-02-19;184390;67922;0;166;90.0;0.36836054015944464;0.0043873855304614115
150;7140;Rhein-Hunsrück-Kreis;Rheinland-Pfalz;173;2023-02-19;103767;48201;0;173;166.7;0.46451183902396714;0.0035891371548308127
151;7141;Rhein-Lahn-Kreis;Rheinland-Pfalz;139;2023-02-19;122724;49168;0;195;158.9;0.40063883185033083;0.0028270419785226164
152;7143;Westerwaldkreis;Rheinland-Pfalz;297;2023-02-19;203831;89349;0;219;107.4;0.43834843571390025;0.003324043917671155
153;7211;Trier;Rheinland-Pfalz;79;2023-02-19;110570;43951;0;119;107.6;0.3974947996744144;0.0017974562581056176
154;7231;Bernkastel-Wittlich;Rheinland-Pfalz;157;2023-02-19;113194;42111;0;116;102.5;0.3720250189939396;0.003728242027023818
155;7232;Eifelkreis Bitburg-Prüm;Rheinland-Pfalz;86;2023-02-19;100959;32830;0;53;52.5;0.32518150932556783;0.0026195552848004874
156;7233;Vulkaneifel;Rheinland-Pfalz;99;2023-02-19;60882;30222;0;143;234.9;0.49640287769784175;0.003275759380583681
157;7235;Trier-Saarburg;Rheinland-Pfalz;159;2023-02-19;151167;58633;0;111;73.4;0.3878690454927332;0.0027117834666484744
158;7311;Frankenthal (Pfalz);Rheinland-Pfalz;96;2023-02-19;48773;19951;0;27;55.4;0.4090582904475837;0.004811788882762769
159;7312;Kaiserslautern;Rheinland-Pfalz;282;2023-02-19;99292;45668;0;165;166.2;0.4599363493534222;0.006175002189717088
160;7313;Landau in der Pfalz;Rheinland-Pfalz;88;2023-02-19;46919;20325;0;19;40.5;0.4331933758178989;0.004329643296432964
161;7314;Ludwigshafen am Rhein;Rheinland-Pfalz;467;2023-02-19;172145;68037;0;105;61.0;0.3952307647622644;0.006863912283022473
162;7315;Mainz;Rheinland-Pfalz;278;2023-02-19;217556;100310;0;294;135.1;0.4610766883009432;0.0027714086332369654
163;7316;Neustadt an der Weinstraße;Rheinland-Pfalz;87;2023-02-19;53491;22819;0;86;160.8;0.42659512815239947;0.0038126122967702355
164;7317;Pirmasens;Rheinland-Pfalz;119;2023-02-19;40054;15871;0;40;99.9;0.39624007589753835;0.007497952239934472
165;7318;Speyer;Rheinland-Pfalz;133;2023-02-19;50565;23231;0;52;102.8;0.45942845841985563;0.005725108690973269
166;7319;Worms;Rheinland-Pfalz;178;2023-02-19;83850;38316;0;111;132.4;0.45695885509838996;0.004645578870445767
167;7320;Zweibrücken;Rheinland-Pfalz;39;2023-02-19;34091;15117;0;71;208.3;0.44343081751781993;0.002579876959714229
168;7331;Alzey-Worms;Rheinland-Pfalz;257;2023-02-19;131330;57437;0;204;155.3;0.4373486636716668;0.0044744676776294024
169;7332;Bad Dürkheim;Rheinland-Pfalz;266;2023-02-19;133206;52481;0;127;95.3;0.3939837544855337;0.005068500981307521
170;7333;Donnersbergkreis;Rheinland-Pfalz;140;2023-02-19;75569;34814;0;98;129.7;0.46069155341476004;0.004021370712931579
171;7334;Germersheim;Rheinland-Pfalz;230;2023-02-19;129313;59701;0;145;112.1;0.46167825353986064;0.003852531783387213
172;7335;Kaiserslautern;Rheinland-Pfalz;217;2023-02-19;106853;58269;0;152;142.3;0.5453192703995209;0.0037241071581801642
173;7336;Kusel;Rheinland-Pfalz;141;2023-02-19;69949;29565;0;102;145.8;0.4226650845616092;0.004769152714358194
174;7337;Südliche Weinstraße;Rheinland-Pfalz;232;2023-02-19;111279;46609;0;70;62.9;0.4188481204899397;0.004977579437447703
175;7338;Rhein-Pfalz-Kreis;Rheinland-Pfalz;308;2023-02-19;155050;60481;0;92;59.3;0.39007416962270236;0.0050925083910649625
176;7339;Mainz-Bingen;Rheinland-Pfalz;329;2023-02-19;212420;99053;0;348;163.8;0.4663073156953206;0.003321454170999364
177;7340;Südwestpfalz;Rheinland-Pfalz;172;2023-02-19;94819;40192;0;118;124.4;0.4238812896149506;0.004279458598726115
178;8111;Stuttgart;Baden-Württemberg;769;2023-02-19;626275;252315;0;350;55.9;0.40288212047423255;0.0030477775796127855
179;8115;Böblingen;Baden-Württemberg;541;2023-02-19;393195;183637;0;400;101.7;0.46703798369765637;0.002946029394947641
180;8116;Esslingen;Baden-Württemberg;1030;2023-02-19;533388;242367;0;446;83.6;0.4543915498661387;0.004249753473038821
181;8117;Göppingen;Baden-Württemberg;425;2023-02-19;259046;112731;0;288;111.2;0.4351775360360708;0.0037700366358854264
182;8118;Ludwigsburg;Baden-Württemberg;763;2023-02-19;544679;232506;0;448;82.3;0.42686793505899806;0.0032816357427335207
183;8119;Rems-Murr-Kreis;Baden-Württemberg;722;2023-02-19;427316;196469;0;383;89.6;0.4597744994336744;0.0036748800065150226
184;8121;Heilbronn;Baden-Württemberg;299;2023-02-19;125613;59237;0;163;129.8;0.47158335522597183;0.005047520975066259
185;8125;Heilbronn;Baden-Württemberg;522;2023-02-19;347798;167610;0;392;112.7;0.4819176648514368;0.003114372650796492
186;8126;Hohenlohekreis;Baden-Württemberg;198;2023-02-19;113318;54807;0;65;57.4;0.48365661236520235;0.0036126772127647927
187;8127;Schwäbisch Hall;Baden-Württemberg;377;2023-02-19;199398;85929;0;91;45.6;0.43094213582884483;0.004387343039020586
188;8128;Main-Tauber-Kreis;Baden-Württemberg;249;2023-02-19;132956;61490;0;151;113.6;0.46248382923674;0.0040494389331598634
189;8135;Heidenheim;Baden-Württemberg;379;2023-02-19;132958;63343;0;172;129.4;0.47641360429609353;0.005983297286203684
190;8136;Ostalbkreis;Baden-Württemberg;633;2023-02-19;315009;150861;0;287;91.1;0.4789101263773416;0.004195915445343727
191;8211;Baden-Baden;Baden-Württemberg;135;2023-02-19;55527;23781;0;80;144.1;0.4282781349613701;0.005676800807367226
192;8212;Karlsruhe;Baden-Württemberg;419;2023-02-19;306502;130080;0;210;68.5;0.42440179835694386;0.0032210947109471096
193;8215;Karlsruhe;Baden-Württemberg;773;2023-02-19;448487;209382;0;491;109.5;0.4668630305895154;0.003691816870600147
194;8216;Rastatt;Baden-Württemberg;444;2023-02-19;232296;113602;0;351;151.1;0.4890398457140889;0.003908381894684953
195;8221;Heidelberg;Baden-Württemberg;179;2023-02-19;159245;61889;0;195;122.5;0.3886401456874627;0.0028922748792192476
196;8222;Mannheim;Baden-Württemberg;548;2023-02-19;311831;135283;0;246;78.9;0.4338343525820076;0.004050767650037329
197;8225;Neckar-Odenwald-Kreis;Baden-Württemberg;235;2023-02-19;143929;71140;0;222;154.2;0.4942714810774757;0.0033033455158841723
198;8226;Rhein-Neckar-Kreis;Baden-Württemberg;902;2023-02-19;549030;243992;0;625;113.8;0.4444055880370836;0.0036968425194268666
199;8231;Pforzheim;Baden-Württemberg;347;2023-02-19;125529;59143;0;107;85.2;0.47115009280723974;0.005867135586629018
200;8235;Calw;Baden-Württemberg;363;2023-02-19;160686;70584;0;152;94.6;0.43926664426272355;0.005142808568514111
201;8236;Enzkreis;Baden-Württemberg;359;2023-02-19;200237;94994;0;185;92.4;0.4744078267253305;0.003779186053856033
202;8237;Freudenstadt;Baden-Württemberg;267;2023-02-19;119183;55962;0;91;76.4;0.4695468313433963;0.004771094671384153
203;8311;Freiburg im Breisgau;Baden-Württemberg;318;2023-02-19;231848;105565;0;248;107.0;0.4553198647389669;0.0030123620518164164
204;8315;Breisgau-Hochschwarzwald;Baden-Württemberg;407;2023-02-19;265792;116186;0;240;90.3;0.43713129063327716;0.003503003804244918
205;8316;Emmendingen;Baden-Württemberg;291;2023-02-19;167945;80574;0;232;138.1;0.47976420852064666;0.0036115868642490135
206;8317;Ortenaukreis;Baden-Württemberg;957;2023-02-19;434535;211176;0;384;88.4;0.485981566502123;0.0045317649732924195
207;8325;Rottweil;Baden-Württemberg;308;2023-02-19;140446;67429;0;105;74.8;0.48010623300058386;0.004567767577748447
208;8326;Schwarzwald-Baar-Kreis;Baden-Württemberg;439;2023-02-19;213385;96326;0;185;86.7;0.4514187970100991;0.0045574403587816375
209;8327;Tuttlingen;Baden-Württemberg;291;2023-02-19;142414;66050;0;163;114.5;0.463788672461977;0.004405753217259652
210;8335;Konstanz;Baden-Württemberg;452;2023-02-19;288097;124300;0;180;62.5;0.4314519068230492;0.0036363636363636364
211;8336;Lörrach;Baden-Württemberg;476;2023-02-19;229445;94233;0;155;67.6;0.41069973196190807;0.005051308989419842
212;8337;Waldshut;Baden-Württemberg;389;2023-02-19;171249;73071;0;93;54.3;0.4266944624494158;0.005323589385665996
213;8415;Reutlingen;Baden-Württemberg;566;2023-02-19;288158;131547;0;239;82.9;0.45650997022466844;0.004302644682128821
214;8416;Tübingen;Baden-Württemberg;278;2023-02-19;229806;103264;0;201;87.5;0.44935293247347763;0.0026921289123024482
215;8417;Zollernalbkreis;Baden-Württemberg;402;2023-02-19;190545;91201;0;187;98.1;0.47863234406570626;0.004407846405192925
216;8421;Ulm;Baden-Württemberg;174;2023-02-19;126949;59871;0;194;152.8;0.47161458538468204;0.002906248434133387
217;8425;Alb-Donau-Kreis;Baden-Württemberg;304;2023-02-19;199732;90531;0;207;103.6;0.4532623715779144;0.0033579657796776793
218;8426;Biberach;Baden-Württemberg;334;2023-02-19;203244;98864;0;212;104.3;0.4864301037176989;0.0033783783783783786
219;8435;Bodenseekreis;Baden-Württemberg;393;2023-02-19;218885;92047;0;189;86.3;0.42052676062772687;0.004269557943224657
220;8436;Ravensburg;Baden-Württemberg;240;2023-02-19;287011;130343;0;200;69.7;0.45413938838581097;0.001841295658378279
221;8437;Sigmaringen;Baden-Württemberg;196;2023-02-19;131725;67105;0;174;132.1;0.5094325298918201;0.0029207957678265405
222;9161;Ingolstadt;Bayern;286;2023-02-19;138016;68742;0;185;134.0;0.49807268722466963;0.004160484129062291
223;9162;München;Bayern;2507;2023-02-19;1487708;715145;0;1603;107.7;0.48070253033525395;0.003505582783910955
224;9163;Rosenheim;Bayern;148;2023-02-19;63508;34601;0;45;70.9;0.5448289979215217;0.004277333025057079
225;9171;Altötting;Bayern;405;2023-02-19;112116;61734;0;171;152.5;0.5506261372150273;0.006560404315288172
226;9172;Berchtesgadener Land;Bayern;216;2023-02-19;106389;54417;0;35;32.9;0.5114908496179116;0.003969347814102211
227;9173;Bad Tölz-Wolfratshausen;Bayern;200;2023-02-19;127919;61759;0;77;60.2;0.482797707924546;0.00323839440405447
228;9174;Dachau;Bayern;281;2023-02-19;155449;85094;0;211;135.7;0.5474078315074398;0.0033022304745340446
229;9175;Ebersberg;Bayern;314;2023-02-19;144562;74598;0;92;63.6;0.5160277251283186;0.004209228129440468
230;9176;Eichstätt;Bayern;154;2023-02-19;133634;69024;0;199;148.9;0.5165152580930003;0.0022311080203987017
231;9177;Erding;Bayern;225;2023-02-19;139622;76711;0;150;107.4;0.5494191459798599;0.002933086519534356
232;9178;Freising;Bayern;258;2023-02-19;181144;91018;0;134;74.0;0.5024621295764695;0.0028346041442352064
233;9179;Fürstenfeldbruck;Bayern;266;2023-02-19;218579;108107;0;263;120.3;0.49459005668431094;0.002460525220383509
234;9180;Garmisch-Partenkirchen;Bayern;171;2023-02-19;88232;40163;0;84;95.2;0.4551976607126666;0.004257650075940542
235;9181;Landsberg am Lech;Bayern;127;2023-02-19;121466;57979;0;101;83.2;0.47732698862233053;0.002190448265751393
236;9182;Miesbach;Bayern;240;2023-02-19;99978;52662;0;58;58.0;0.5267358818940167;0.00455736584254301
237;9183;Mühldorf a. Inn;Bayern;363;2023-02-19;117606;67844;0;147;125.0;0.576875329489992;0.0053505099935145335
238;9184;München;Bayern;461;2023-02-19;349837;165318;0;339;96.9;0.4725572195050838;0.002788565068534582
239;9185;Neuburg-Schrobenhausen;Bayern;165;2023-02-19;98503;51160;0;107;108.6;0.5193750444148909;0.003225175918686474
240;9186;Pfaffenhofen a.d. Ilm;Bayern;282;2023-02-19;129772;66772;0;124;95.6;0.514533181271769;0.00422332714311388
241;9187;Rosenheim;Bayern;830;2023-02-19;263367;146216;0;294;111.6;0.5551796542467355;0.00567653334792362
242;9188;Starnberg;Bayern;192;2023-02-19;136747;59904;0;109;79.7;0.4380644547960833;0.003205128205128205
243;9189;Traunstein;Bayern;420;2023-02-19;178447;100009;0;137;76.8;0.560440915229732;0.004199622034016939
244;9190;Weilheim-Schongau;Bayern;238;2023-02-19;136642;69831;0;174;127.3;0.5110507750179301;0.0034082284372270195
245;9261;Landshut;Bayern;221;2023-02-19;73150;35618;0;128;175.0;0.4869172932330827;0.0062047279465438825
246;9262;Passau;Bayern;167;2023-02-19;53093;26193;0;73;137.5;0.4933418718098431;0.006375749245981751
247;9263;Straubing;Bayern;137;2023-02-19;47854;22486;0;74;154.6;0.46988757470639864;0.006092679889709152
248;9271;Deggendorf;Bayern;325;2023-02-19;120521;61059;0;114;94.6;0.5066254013823317;0.005322720647242831
249;9272;Freyung-Grafenau;Bayern;248;2023-02-19;78632;42952;0;106;134.8;0.546240716247838;0.005773887129819333
250;9273;Kelheim;Bayern;174;2023-02-19;123899;65705;0;170;137.2;0.5303109791039475;0.002648200289171296
251;9274;Landshut;Bayern;369;2023-02-19;162331;86222;0;325;200.2;0.5311493183680258;0.004279650205284034
252;9275;Passau;Bayern;654;2023-02-19;194090;103721;0;207;106.7;0.5343964140347262;0.006305376924634356
253;9276;Regen;Bayern;286;2023-02-19;77176;42375;0;116;150.3;0.5490696589613351;0.006749262536873156
254;9277;Rottal-Inn;Bayern;378;2023-02-19;122252;64928;0;111;90.8;0.5310996957104996;0.005821833415475604
255;9278;Straubing-Bogen;Bayern;216;2023-02-19;102398;57920;0;213;208.0;0.5656360475790543;0.003729281767955801
256;9279;Dingolfing-Landau;Bayern;300;2023-02-19;98045;52062;0;97;98.9;0.5310010709368147;0.005762360262763628
257;9361;Amberg;Bayern;87;2023-02-19;41994;19772;0;74;176.2;0.4708291660713435;0.004400161845033381
258;9362;Regensburg;Bayern;206;2023-02-19;153542;75966;0;242;157.6;0.4947571348556095;0.0027117394623910698
259;9363;Weiden i.d. OPf.;Bayern;136;2023-02-19;42472;22838;0;104;244.9;0.5377189677905444;0.005954987301865312
260;9371;Amberg-Sulzbach;Bayern;259;2023-02-19;103277;49147;0;152;147.2;0.4758755579654715;0.0052699045719982905
261;9372;Cham;Bayern;325;2023-02-19;128444;68632;0;217;168.9;0.53433402883747;0.004735400396316587
262;9373;Neumarkt i.d. OPf.;Bayern;287;2023-02-19;136062;67996;0;216;158.8;0.49974276432802694;0.004220836519795282
263;9374;Neustadt a.d. Waldnaab;Bayern;274;2023-02-19;94838;53489;0;202;213.0;0.5640038803011451;0.005122548561386453
264;9375;Regensburg;Bayern;296;2023-02-19;195225;104674;0;255;130.6;0.5361710846459213;0.002827827349676137
265;9376;Schwandorf;Bayern;324;2023-02-19;149239;78611;0;196;131.3;0.5267456897995832;0.004121560595845365
266;9377;Tirschenreuth;Bayern;332;2023-02-19;71648;40421;0;175;244.2;0.5641608977221975;0.008213552361396304
267;9461;Bamberg;Bayern;182;2023-02-19;77749;33634;0;90;115.8;0.43259720382255723;0.005411191056668847
268;9462;Bayreuth;Bayern;199;2023-02-19;73909;38850;0;105;142.1;0.5256464030091058;0.0051222651222651225
269;9463;Coburg;Bayern;123;2023-02-19;40955;20209;0;36;87.9;0.49344402392870224;0.006086397149784749
270;9464;Hof;Bayern;193;2023-02-19;45125;23263;0;50;110.8;0.5155235457063712;0.008296436401152045
271;9471;Bamberg;Bayern;286;2023-02-19;147697;80481;0;166;112.4;0.5449061253783083;0.003553633776916291
272;9472;Bayreuth;Bayern;267;2023-02-19;103648;54733;0;164;158.2;0.5280661469589379;0.004878227029397256
273;9473;Coburg;Bayern;221;2023-02-19;86544;42723;0;80;92.4;0.49365640599001664;0.005172857711303045
274;9474;Forchheim;Bayern;246;2023-02-19;116753;62184;0;178;152.5;0.532611581715245;0.0039560015438054805
275;9475;Hof;Bayern;312;2023-02-19;93907;48762;0;148;157.6;0.5192584152406103;0.006398425003076166
276;9476;Kronach;Bayern;203;2023-02-19;66091;36234;0;88;133.1;0.5482440876972658;0.0056024728155875695
277;9477;Kulmbach;Bayern;193;2023-02-19;71328;39161;0;113;158.4;0.5490270300583221;0.004928372615612472
278;9478;Lichtenfels;Bayern;190;2023-02-19;66741;37116;0;69;103.4;0.5561199262821953;0.0051190861084168555
279;9479;Wunsiedel i. Fichtelgebirge;Bayern;323;2023-02-19;71482;37979;0;112;156.7;0.5313085811812764;0.008504699965770558
280;9561;Ansbach;Bayern;71;2023-02-19;41662;21849;0;62;148.8;0.5244347366905093;0.0032495766396631424
281;9562;Erlangen;Bayern;156;2023-02-19;113292;47022;0;196;173.0;0.4150513716767292;0.0033175960188847773
282;9563;Fürth;Bayern;338;2023-02-19;129122;65202;0;202;156.4;0.5049642973312062;0.005183890064721941
283;9564;Nürnberg;Bayern;1374;2023-02-19;510632;255650;0;888;173.9;0.5006540914004606;0.005374535497750832
284;9565;Schwabach;Bayern;146;2023-02-19;41146;21169;0;63;153.1;0.5144850046177029;0.006896877509565875
285;9571;Ansbach;Bayern;297;2023-02-19;186279;96095;0;170;91.3;0.5158659859672856;0.0030906915031999583
286;9572;Erlangen-Höchstadt;Bayern;201;2023-02-19;139323;72324;0;236;169.4;0.5191102689433905;0.002779160444665671
287;9573;Fürth;Bayern;315;2023-02-19;119432;60186;0;178;149.0;0.5039352937236251;0.0052337752965806
288;9574;Nürnberger Land;Bayern;427;2023-02-19;171424;84054;0;257;149.9;0.4903280754153444;0.005080067575606158
289;9575;Neustadt a.d. Aisch-Bad Windsheim;Bayern;182;2023-02-19;101788;50890;0;161;158.2;0.49996070263685305;0.003576341127922971
290;9576;Roth;Bayern;274;2023-02-19;127520;66754;0;195;152.9;0.523478670012547;0.004104622943943434
291;9577;Weißenburg-Gunzenhausen;Bayern;206;2023-02-19;95523;49754;0;91;95.3;0.5208588507479874;0.00414037062346746
292;9661;Aschaffenburg;Bayern;206;2023-02-19;71381;34905;0;108;151.3;0.4889956711169639;0.005901733276034952
293;9662;Schweinfurt;Bayern;196;2023-02-19;53585;28722;0;68;126.9;0.5360082112531492;0.006824037323306177
294;9663;Würzburg;Bayern;240;2023-02-19;126933;68205;0;250;197.0;0.5373307177802463;0.003518803606773697
295;9671;Aschaffenburg;Bayern;372;2023-02-19;174965;86245;0;227;129.7;0.4929271568599434;0.004313293524262276
296;9672;Bad Kissingen;Bayern;241;2023-02-19;103454;56199;0;183;176.9;0.5432269414425736;0.004288332532607342
297;9673;Rhön-Grabfeld;Bayern;179;2023-02-19;79376;43717;0;97;122.2;0.5507584156420077;0.004094517007113938
298;9674;Haßberge;Bayern;178;2023-02-19;84284;45746;0;86;102.0;0.5427601917327132;0.0038910505836575876
299;9675;Kitzingen;Bayern;187;2023-02-19;91980;46427;0;122;132.6;0.5047510328332246;0.004027828634199927
300;9676;Miltenberg;Bayern;270;2023-02-19;128782;67532;0;222;172.4;0.5243900545107235;0.003998104602262631
301;9677;Main-Spessart;Bayern;275;2023-02-19;126105;57567;0;132;104.7;0.45650053526822887;0.004777042402765473
302;9678;Schweinfurt;Bayern;273;2023-02-19;116134;63601;0;152;130.9;0.5476518504486197;0.004292385339853147
303;9679;Würzburg;Bayern;207;2023-02-19;163534;81460;0;243;148.6;0.4981227145425416;0.0025411244782715444
304;9761;Augsburg;Bayern;776;2023-02-19;296478;144020;0;245;82.6;0.48576960179170126;0.005388140536036662
305;9762;Kaufbeuren;Bayern;138;2023-02-19;45118;21369;0;31;68.7;0.4736247174076865;0.006457953109644813
306;9763;Kempten (Allgäu);Bayern;131;2023-02-19;69053;34678;0;47;68.1;0.5021939669529202;0.0037776111655804835
307;9764;Memmingen;Bayern;44;2023-02-19;44721;21375;0;33;73.8;0.47796337291205476;0.0020584795321637425
308;9771;Aichach-Friedberg;Bayern;181;2023-02-19;135538;67952;0;132;97.4;0.5013501748587113;0.0026636449258299975
309;9772;Augsburg;Bayern;469;2023-02-19;257790;125725;0;208;80.7;0.48770316924628576;0.0037303638894412407
310;9773;Dillingen a.d. Donau;Bayern;259;2023-02-19;97985;54162;0;172;175.5;0.5527580752155942;0.004781950444961412
311;9774;Günzburg;Bayern;249;2023-02-19;128436;65157;0;230;179.1;0.5073110342894516;0.003821538744877757
312;9775;Neu-Ulm;Bayern;306;2023-02-19;177330;81366;0;206;116.2;0.45883945186939606;0.0037607846029053906
313;9776;Lindau (Bodensee);Bayern;147;2023-02-19;82330;39793;0;61;74.1;0.48333535770678976;0.0036941170557635767
314;9777;Ostallgäu;Bayern;313;2023-02-19;143236;76059;0;132;92.2;0.5310047753358095;0.00411522633744856
315;9778;Unterallgäu;Bayern;279;2023-02-19;147776;73746;0;105;71.1;0.49903908618449544;0.003783256041005614
316;9779;Donau-Ries;Bayern;291;2023-02-19;134986;73039;0;250;185.2;0.5410857422251196;0.0039841728391681154
317;9780;Oberallgäu;Bayern;227;2023-02-19;157202;77994;0;109;69.3;0.4961387259704075;0.002910480293355899
318;10041;Regionalverband Saarbrücken;Saarland;948;2023-02-19;327284;151959;0;388;118.6;0.4643031740017844;0.006238524865259708
319;10042;Merzig-Wadern;Saarland;189;2023-02-19;103426;53841;0;174;168.2;0.5205750971709241;0.003510335989301833
320;10043;Neunkirchen;Saarland;246;2023-02-19;130847;64843;0;249;190.3;0.49556352075324617;0.0037937788196104436
321;10044;Saarlouis;Saarland;304;2023-02-19;193661;101544;0;233;120.3;0.5243389221371365;0.0029937760970613725
322;10045;Saarpfalz-Kreis;Saarland;221;2023-02-19;140960;69320;0;217;153.9;0.4917707150964813;0.003188113098672822
323;10046;St. Wendel;Saarland;203;2023-02-19;86170;46125;0;198;229.8;0.5352790994545665;0.004401084010840109
324;11001;Berlin Mitte;Berlin;431;2023-02-19;377735;157944;0;378;100.1;0.4181344063960184;0.002728815276300461
325;11002;Berlin Friedrichshain-Kreuzberg;Berlin;237;2023-02-19;280671;122149;0;154;54.9;0.4352034944828643;0.0019402532972025968
326;11003;Berlin Pankow;Berlin;368;2023-02-19;404795;163570;0;283;69.9;0.40408107807655724;0.0022498013083083693
327;11004;Berlin Charlottenburg-Wilmersdorf;Berlin;482;2023-02-19;317229;112091;0;170;53.6;0.3533441141888037;0.004300077615508827
328;11005;Berlin Spandau;Berlin;391;2023-02-19;240542;93303;0;165;68.6;0.3878865229357035;0.004190647674780018
329;11006;Berlin Steglitz-Zehlendorf;Berlin;613;2023-02-19;292255;106516;0;210;71.9;0.36446254127388755;0.005755003943069586
330;11007;Berlin Tempelhof-Schöneberg;Berlin;688;2023-02-19;342285;131433;0;275;80.3;0.383987028353565;0.005234606225225019
331;11008;Berlin Neukölln;Berlin;570;2023-02-19;320204;127230;0;199;62.1;0.39734044546601544;0.004480075453902382
332;11009;Berlin Treptow-Köpenick;Berlin;409;2023-02-19;273188;101526;0;198;72.5;0.37163418598181475;0.00402852471288143
333;11010;Berlin Marzahn-Hellersdorf;Berlin;451;2023-02-19;274853;101846;0;169;61.5;0.37054716521194964;0.00442825442334505
334;11011;Berlin Lichtenberg;Berlin;409;2023-02-19;293139;112400;0;154;52.5;0.3834358444287522;0.0036387900355871884
335;11012;Berlin Reinickendorf;Berlin;468;2023-02-19;260576;94085;0;170;65.2;0.36106548569323343;0.004974225434447574
336;12051;Brandenburg an der Havel;Brandenburg;206;2023-02-19;72461;28789;0;63;86.9;0.397303376989001;0.007155510785369412
337;12052;Cottbus;Brandenburg;340;2023-02-19;98359;50703;0;91;92.5;0.515489177401153;0.006705717610397807
338;12053;Frankfurt (Oder);Brandenburg;222;2023-02-19;56679;27524;0;63;111.2;0.4856119550450784;0.008065688126725767
339;12054;Potsdam;Brandenburg;286;2023-02-19;183154;80030;0;822;448.8;0.43695469386417984;0.0035736598775459203
340;12060;Barnim;Brandenburg;398;2023-02-19;188835;69099;0;107;56.7;0.3659226308682183;0.005759851806827885
341;12061;Dahme-Spreewald;Brandenburg;442;2023-02-19;175834;79809;0;140;79.6;0.4538883264897574;0.005538222506233633
342;12062;Elbe-Elster;Brandenburg;443;2023-02-19;100317;50116;0;60;59.8;0.4995763429927131;0.008839492377683774
343;12063;Havelland;Brandenburg;345;2023-02-19;165906;62980;0;104;62.7;0.3796125516858944;0.005477929501429025
344;12064;Märkisch-Oderland;Brandenburg;448;2023-02-19;197965;81494;0;156;78.8;0.41165862652489077;0.005497337227280536
345;12065;Oberhavel;Brandenburg;498;2023-02-19;215795;88715;0;164;76.0;0.41110776431335294;0.0056134813729358055
346;12066;Oberspreewald-Lausitz;Brandenburg;429;2023-02-19;107558;52716;0;59;54.9;0.49011696015173206;0.008137946733439563
347;12067;Oder-Spree;Brandenburg;526;2023-02-19;179245;82479;0;125;69.7;0.46014672654746297;0.006377380909079887
348;12068;Ostprignitz-Ruppin;Brandenburg;247;2023-02-19;98829;40596;0;43;43.5;0.410770118082749;0.006084343285052715
349;12069;Potsdam-Mittelmark;Brandenburg;344;2023-02-19;219521;96416;0;139;63.3;0.43921082721015303;0.0035678725522734814
350;12070;Prignitz;Brandenburg;256;2023-02-19;75574;36210;0;101;133.6;0.47913303517082595;0.007069870201601767
351;12071;Spree-Neiße;Brandenburg;352;2023-02-19;111955;56523;0;86;76.8;0.5048724934125318;0.006227553385347558
352;12072;Teltow-Fläming;Brandenburg;386;2023-02-19;172545;76762;0;119;69.0;0.444881045524356;0.005028529741278237
353;12073;Uckermark;Brandenburg;292;2023-02-19;117336;48149;0;73;62.2;0.410351469284789;0.0060645080894722635
354;13003;Rostock;Mecklenburg-Vorpommern;186;2023-02-19;208400;94157;0;105;50.4;0.4518090211132438;0.0019754240258292003
355;13004;Schwerin;Mecklenburg-Vorpommern;214;2023-02-19;95740;44448;0;62;64.8;0.46425736369333614;0.004814614830813535
356;13071;Mecklenburgische Seenplatte;Mecklenburg-Vorpommern;321;2023-02-19;257525;93731;0;104;40.4;0.36396854674303464;0.0034246940713317897
357;13072;Rostock;Mecklenburg-Vorpommern;369;2023-02-19;217796;99097;0;112;51.4;0.45499917353854064;0.003723624327678941
358;13073;Vorpommern-Rügen;Mecklenburg-Vorpommern;324;2023-02-19;225900;96483;0;124;54.9;0.42710491367861886;0.0033581045365504805
359;13074;Nordwestmecklenburg;Mecklenburg-Vorpommern;197;2023-02-19;158449;75965;0;151;95.3;0.4794287120777032;0.0025932995458434805
360;13075;Vorpommern-Greifswald;Mecklenburg-Vorpommern;582;2023-02-19;235451;106256;0;151;64.1;0.4512871043231925;0.005477337750338805
361;13076;Ludwigslust-Parchim;Mecklenburg-Vorpommern;558;2023-02-19;211899;98998;0;117;55.2;0.46719427651853007;0.005636477504596052
362;14511;Chemnitz;Sachsen;913;2023-02-19;243105;107587;0;125;51.4;0.44255362909031076;0.00848615539052116
363;14521;Erzgebirgskreis;Sachsen;1828;2023-02-19;328695;161428;0;131;39.9;0.49111790565722024;0.01132393389003147
364;14522;Mittelsachsen;Sachsen;1068;2023-02-19;299329;140710;0;92;30.7;0.47008475623811924;0.00759007888565134
365;14523;Vogtlandkreis;Sachsen;1386;2023-02-19;221376;109631;0;106;47.9;0.49522531801098585;0.01264240953744835
366;14524;Zwickau;Sachsen;1636;2023-02-19;309621;145176;0;74;23.9;0.468882924607827;0.011269080288752962
367;14612;Dresden;Sachsen;1887;2023-02-19;555351;280552;0;277;49.9;0.5051796071313458;0.006726025834782857
368;14625;Bautzen;Sachsen;1526;2023-02-19;296290;154286;0;97;32.7;0.520726315434203;0.009890722424588102
369;14626;Görlitz;Sachsen;1743;2023-02-19;248273;110856;0;93;37.5;0.4465084805838734;0.015723100238146784
370;14627;Meißen;Sachsen;1047;2023-02-19;239344;118593;0;96;40.1;0.49549184437462396;0.00882851433052541
371;14628;Sächsische Schweiz-Osterzgebirge;Sachsen;1553;2023-02-19;244009;124998;0;104;42.6;0.5122679901151187;0.012424198787180594
372;14713;Leipzig;Sachsen;892;2023-02-19;601866;277665;0;584;97.0;0.46134023187885675;0.003212504276736355
373;14729;Leipzig;Sachsen;582;2023-02-19;258214;127962;0;177;68.5;0.4955656935719984;0.0045482252543723916
374;14730;Nordsachsen;Sachsen;715;2023-02-19;197529;90087;0;91;46.1;0.4560697416581869;0.007936772231287532
375;15001;Dessau-Roßlau;Sachsen-Anhalt;232;2023-02-19;78731;34215;0;59;74.9;0.43458104177515844;0.006780651760923572
376;15002;Halle (Saale);Sachsen-Anhalt;699;2023-02-19;238061;107891;0;198;83.2;0.45320737121998145;0.0064787609717214594
377;15003;Magdeburg;Sachsen-Anhalt;353;2023-02-19;236188;88104;0;140;59.3;0.3730248784866293;0.004006628529919187
378;15081;Altmarkkreis Salzwedel;Sachsen-Anhalt;173;2023-02-19;81986;38365;0;64;78.1;0.4679457468348255;0.004509318389156783
379;15082;Anhalt-Bitterfeld;Sachsen-Anhalt;467;2023-02-19;155900;70513;0;104;66.7;0.4522963438101347;0.006622892232637953
380;15083;Börde;Sachsen-Anhalt;236;2023-02-19;170106;75784;0;117;68.8;0.4455104464275217;0.0031141137971075687
381;15084;Burgenlandkreis;Sachsen-Anhalt;1001;2023-02-19;176333;85527;0;109;61.8;0.485031162629797;0.01170390636874905
382;15085;Harz;Sachsen-Anhalt;590;2023-02-19;209117;92359;0;100;47.8;0.4416618448045831;0.006388115938890633
383;15086;Jerichower Land;Sachsen-Anhalt;241;2023-02-19;89118;39382;0;88;98.7;0.4419084808905047;0.006119547001168046
384;15087;Mansfeld-Südharz;Sachsen-Anhalt;389;2023-02-19;132317;62374;0;127;96.0;0.4713982330312809;0.006236572931028955
385;15088;Saalekreis;Sachsen-Anhalt;642;2023-02-19;182814;88191;0;139;76.0;0.4824083494699531;0.007279654386502024
386;15089;Salzlandkreis;Sachsen-Anhalt;461;2023-02-19;185495;77095;0;107;57.7;0.41561767163535407;0.005979635514624814
387;15090;Stendal;Sachsen-Anhalt;315;2023-02-19;109746;45502;0;44;40.1;0.4146119220746086;0.006922772625379104
388;15091;Wittenberg;Sachsen-Anhalt;454;2023-02-19;123341;51777;0;42;34.1;0.41978741861992364;0.008768372057090986
389;16051;Erfurt;Thüringen;622;2023-02-19;213227;80458;0;134;62.8;0.3773349528905814;0.007730741504884536
390;16052;Gera;Thüringen;409;2023-02-19;91368;36759;0;33;36.1;0.4023180982400841;0.011126526836965097
391;16053;Jena;Thüringen;183;2023-02-19;110502;47101;0;72;65.2;0.42624567881124326;0.00388526782870852
392;16054;Suhl;Thüringen;210;2023-02-19;36054;12851;0;12;33.3;0.3564375658734121;0.016341140767255468
393;16055;Weimar;Thüringen;196;2023-02-19;65138;27418;0;28;43.0;0.4209217353925512;0.007148588518491502
394;16061;Eichsfeld;Thüringen;384;2023-02-19;99324;46976;0;65;65.4;0.47295719060851354;0.008174386920980926
395;16062;Nordhausen;Thüringen;111;2023-02-19;81687;29038;0;35;42.8;0.3554788399622951;0.003822577312487086
396;16063;Wartburgkreis;Thüringen;469;2023-02-19;158900;64469;0;91;57.3;0.40572057898049085;0.007274814251810948
397;16064;Unstrut-Hainich-Kreis;Thüringen;451;2023-02-19;101269;43871;0;20;19.7;0.4332125329567785;0.010280139499897426
398;16065;Kyffhäuserkreis;Thüringen;274;2023-02-19;72964;26871;0;20;27.4;0.3682775067156406;0.010196866510364333
399;16066;Schmalkalden-Meiningen;Thüringen;762;2023-02-19;123404;56770;0;74;60.0;0.46003371041457325;0.013422582349832658
400;16067;Gotha;Thüringen;381;2023-02-19;133825;52888;0;75;56.0;0.39520269008032877;0.007203902586598094
401;16068;Sömmerda;Thüringen;269;2023-02-19;68717;27660;0;25;36.4;0.402520482558901;0.00972523499638467
402;16069;Hildburghausen;Thüringen;443;2023-02-19;62089;28192;0;23;37.0;0.4540578846494548;0.015713677639046537
403;16070;Ilm-Kreis;Thüringen;457;2023-02-19;105367;48422;0;58;55.0;0.45955564835289986;0.00943785882450126
404;16071;Weimarer Land;Thüringen;150;2023-02-19;82103;32540;0;21;25.6;0.39633143734090104;0.004609711124769515
405;16072;Sonneberg;Thüringen;305;2023-02-19;56504;24569;0;43;76.1;0.4348187738921138;0.012414017664536611
406;16073;Saalfeld-Rudolstadt;Thüringen;597;2023-02-19;100969;41935;0;32;31.7;0.41532549594429974;0.014236318111362823
407;16074;Saale-Holzland-Kreis;Thüringen;258;2023-02-19;82513;37668;0;44;53.3;0.45650988329111775;0.00684931506849315
408;16075;Saale-Orla-Kreis;Thüringen;353;2023-02-19;79030;34405;0;27;34.2;0.4353410097431355;0.010260136608051156
409;16076;Greiz;Thüringen;445;2023-02-19;96102;39379;0;18;18.7;0.4097625439637052;0.011300439320449987
410;16077;Altenburger Land;Thüringen;530;2023-02-19;87807;40308;0;19;21.6;0.45905223957087704;0.01314875458965962
